spp,id,x,y,dit,nBoats,effort
A,Dit_A_S1_01_1,-21.5,45.5,0.000218818386201747,0,0
A,Dit_A_S1_01_1,-20.5,45.5,0.000218818386201747,0,0
A,Dit_A_S1_01_1,-22.5,44.5,0.000109409193100873,0,0
A,Dit_A_S1_01_1,-21.5,44.5,0.000109409193100873,0,0
A,Dit_A_S1_01_1,-20.5,44.5,0.000547045958228409,0,0
A,Dit_A_S1_01_1,-21.5,43.5,0.000218818386201747,0,0
A,Dit_A_S1_01_1,-20.5,43.5,0.00109409191645682,0,0
A,Dit_A_S1_01_1,-19.5,43.5,0.000547045958228409,0,0
A,Dit_A_S1_01_1,-19.5,42.5,0.000328227557474747,4.49814796447754,0.00147641611954047
A,Dit_A_S1_01_1,-25.5,41.5,0.000109409193100873,165.839447021484,0.0181443600829156
A,Dit_A_S1_01_1,-25.5,40.5,0.000547045958228409,41.1735420227051,0.0225238197494684
A,Dit_A_S1_01_1,-24.5,40.5,0.000328227557474747,155.375564575195,0.0509985420517762
A,Dit_A_S1_01_1,-23.5,40.5,0.000109409193100873,150.978897094727,0.0165184793063938
A,Dit_A_S1_01_1,-22.5,40.5,0.000109409193100873,142.131805419922,0.015550526144964
A,Dit_A_S1_01_1,-26.5,39.5,0.000218818386201747,4.03611087799072,0.000883175268853245
A,Dit_A_S1_01_1,-25.5,39.5,0.000328227557474747,1.78444445133209,0.000585703843710098
A,Dit_A_S1_01_1,-23.5,39.5,0.000109409193100873,52.4729194641113,0.00574101977821553
A,Dit_A_S1_01_1,-22.5,39.5,0.000218818386201747,104.327041625977,0.0228286748857987
A,Dit_A_S1_01_1,-21.5,39.5,0.000437636772403494,87.3093719482422,0.0382097917400048
A,Dit_A_S1_01_1,-16.5,39.5,0.000109409193100873,23.0178699493408,0.00251836657805822
A,Dit_A_S1_01_1,-15.5,39.5,0.000437636772403494,12.2791662216187,0.00537381467303519
A,Dit_A_S1_01_1,-14.5,39.5,0.000547045958228409,23.0778465270996,0.0126246426672654
A,Dit_A_S1_01_1,-12.5,39.5,0.000218818386201747,0,0
A,Dit_A_S1_01_1,-22.5,38.5,0.000328227557474747,52.710880279541,0.0173011634864976
A,Dit_A_S1_01_1,-21.5,38.5,0.000328227557474747,98.0514221191406,0.0321831787890909
A,Dit_A_S1_01_1,-15.5,38.5,0.000547045958228409,75.5030517578125,0.0413036392980217
A,Dit_A_S1_01_1,-14.5,38.5,0.000765864329878241,172.381118774414,0.132020550013828
A,Dit_A_S1_01_1,-13.5,38.5,0.000656455114949495,102.374649047852,0.0672043620086216
A,Dit_A_S1_01_1,-12.5,38.5,0.000656455114949495,24.4986114501953,0.016082238795641
A,Dit_A_S1_01_1,-10.5,38.5,0.000109409193100873,5.96884250640869,0.00065304624237237
A,Dit_A_S1_01_1,-22.5,37.5,0.000109409193100873,10.399097442627,0.00113775686017517
A,Dit_A_S1_01_1,-21.5,37.5,0.000109409193100873,63.8092727661133,0.00698132104569399
A,Dit_A_S1_01_1,-13.5,37.5,0.000547045958228409,154.843505859375,0.0847065140382881
A,Dit_A_S1_01_1,-12.5,37.5,0.000547045958228409,66.6359024047852,0.0364529010834405
A,Dit_A_S1_01_1,-11.5,37.5,0.000218818386201747,23.9279861450195,0.00523588331331093
A,Dit_A_S1_01_1,-10.5,37.5,0.000218818386201747,17.7030563354492,0.00387375421816161
A,Dit_A_S1_01_1,-10.5,36.5,0.000218818386201747,103.676155090332,0.0226862489444685
A,Dit_A_S1_01_1,-11.5,35.5,0.000218818386201747,74.8630523681641,0.0163814123053385
A,Dit_A_S1_01_1,-10.5,35.5,0.000109409193100873,77.088752746582,0.00843421823515628
A,Dit_A_S1_01_1,-11.5,34.5,0.000218818386201747,1.08611106872559,0.000237661071294387
A,Dit_A_S1_01_1,-28.5,33.5,0.000218818386201747,43.3627510070801,0.00948856719663743
A,Dit_A_S1_01_1,-27.5,33.5,0.000875273544806987,40.998161315918,0.0358846059855522
A,Dit_A_S1_01_1,-26.5,33.5,0.000218818386201747,47.4710655212402,0.0103875419486352
A,Dit_A_S1_01_1,-11.5,33.5,0.000109409193100873,0,0
A,Dit_A_S1_01_1,-10.5,33.5,0.000328227557474747,0,0
A,Dit_A_S1_01_1,-27.5,32.5,0.000218818386201747,116.594390869141,0.025512996450161
A,Dit_A_S1_01_1,-26.5,32.5,0.000109409193100873,42.8487854003906,0.00468805103600922
A,Dit_A_S1_01_1,-25.5,32.5,0.000109409193100873,13.6872215270996,0.00149750786307287
A,Dit_A_S1_01_1,-28.5,31.5,0.000109409193100873,140.463607788086,0.015368009988132
A,Dit_A_S1_01_1,-27.5,31.5,0.000218818386201747,92.8857269287109,0.0203251048677167
A,Dit_A_S1_01_1,-26.5,31.5,0.000656455114949495,20.2029495239258,0.0132623295520475
A,Dit_A_S1_01_1,-27.5,30.5,0.000437636772403494,65.6541442871094,0.0287326678007238
A,Dit_A_S1_01_1,-26.5,30.5,0.000218818386201747,36.869945526123,0.00806782197937256
A,Dit_A_S3_01_1,-55.5,34.5,0.000182348652742803,23.6504859924316,0.00431263425743245
A,Dit_A_S3_01_1,-62.5,30.5,0.000109409193100873,0,0
A,Dit_A_S3_01_1,-67.5,29.5,0.000109409193100873,0,0
A,Dit_A_S3_01_1,-66.5,29.5,0.000218818386201747,0,0
A,Dit_A_S3_01_1,-65.5,29.5,0.000218818386201747,0,0
A,Dit_A_S3_01_1,-64.5,29.5,0.000656455114949495,0,0
A,Dit_A_S3_01_1,-63.5,29.5,0.000218818386201747,0,0
A,Dit_A_S3_01_1,-62.5,29.5,0.000218818386201747,0,0
A,Dit_A_S3_01_1,-61.5,29.5,0.000328227557474747,0,0
A,Dit_A_S3_01_1,-67.5,28.5,0.000218818386201747,0,0
A,Dit_A_S3_01_1,-66.5,28.5,0.000328227557474747,0,0
A,Dit_A_S3_01_1,-64.5,28.5,0.000109409193100873,3.89583325386047,0.000426239972760424
A,Dit_A_S3_01_1,-63.5,28.5,0.000109409193100873,6.54541683197022,0.000716128774094736
A,Dit_A_S3_01_1,-62.5,28.5,0.000328227557474747,0,0
A,Dit_A_S3_01_1,-61.5,28.5,0.000109409193100873,0,0
A,Dit_A_S3_01_1,-67.5,27.5,0.000109409193100873,64.8722229003906,0.00709761756219174
A,Dit_A_S3_01_1,-60.5,18.5,0.000218818386201747,0,0
A,Dit_A_S3_01_1,-61.5,17.5,0.000437636772403494,0,0
A,Dit_A_S3_01_1,-60.5,17.5,0.000765864329878241,0,0
A,Dit_A_S3_01_1,-61.5,16.5,0.000328227557474747,0,0
A,Dit_A_S3_01_1,-60.5,16.5,0.000765864329878241,0,0
A,Dit_A_S3_01_1,-61.5,15.5,0.000328227557474747,0,0
A,Dit_A_S3_01_1,-60.5,15.5,0.00109409191645682,0,0
A,Dit_A_S3_01_1,-60.5,14.5,0.000328227557474747,0,0
A,Dit_A_S3_01_1,-60.5,13.5,0.000437636772403494,0,0
A,Dit_A_S3_01_1,-59.5,13.5,0.000984682701528072,0,0
A,Dit_A_S3_01_1,-58.5,13.5,0.000109409193100873,0,0
A,Dit_A_S3_01_1,-59.5,12.5,0.000437636772403494,0,0
A,Dit_A_S3_01_1,-58.5,12.5,0.000437636772403494,0,0
A,Dit_A_S3_01_1,-46.5,12.5,0.000109409193100873,106.029167175293,0.0116005656258064
A,Dit_A_S3_01_1,-45.5,12.5,0.000218818386201747,5.40097236633301,0.00118183205712122
A,Dit_A_S3_01_1,-59.5,11.5,0.000109409193100873,0,0
A,Dit_A_S3_01_1,-47.5,11.5,0.000109409193100873,0,0
A,Dit_A_S3_01_1,-46.5,11.5,0.000328227557474747,44.8116683959961,0.0147084244639861
A,Dit_A_S3_01_1,-45.5,11.5,0.000218818386201747,12.6774997711182,0.00277407004098909
A,Dit_A_S3_01_1,-44.5,11.5,0.000437636772403494,44.0593070983887,0.0192819729528732
A,Dit_A_S3_01_1,-48.5,10.5,0.000109409193100873,0,0
A,Dit_A_S3_01_1,-47.5,10.5,0.000218818386201747,0,0
A,Dit_A_S3_01_1,-46.5,10.5,0.000109409193100873,49.9874992370606,0.00546909195665732
A,Dit_A_S3_01_1,-45.5,10.5,0.000109409193100873,101.11833190918,0.0110632751018896
A,Dit_A_S3_01_1,-44.5,10.5,0.000437636772403494,28.7793064117432,0.0125948827700464
A,Dit_A_S3_01_1,-47.5,9.5,0.000218818386201747,0,0
A,Dit_A_S3_01_1,-46.5,9.5,0.000328227557474747,36.1086120605469,0.0118518415404365
A,Dit_A_S3_01_1,-44.5,9.5,0.000109409193100873,84.0477752685547,0.00919559927405611
A,Dit_A_S3_01_1,-46.5,8.5,0.000109409193100873,2.72527766227722,0.000298170430005585
A,Dit_A_S3_01_1,-45.5,8.5,0.000218818386201747,15.2333335876465,0.00333333347212167
A,Dit_A_S3_01_1,-38.5,7.5,0.000656455114949495,3.65527772903442,0.00239952576178562
A,Dit_A_S3_01_1,-37.5,7.5,0.000109409193100873,17.646203994751,0.00193065694035911
A,Dit_A_S3_01_1,-36.5,7.5,0.000218818386201747,26.2173156738281,0.00573683070628883
A,Dit_A_S3_01_1,-38.5,6.5,0.000437636772403494,4.65152788162231,0.00203567964885805
A,Dit_A_S3_01_1,-37.5,6.5,0.000875273544806987,74.7012481689453,0.0653840262863392
A,Dit_A_S3_01_1,-36.5,6.5,0.000547045958228409,57.8574981689453,0.0316507105265291
A,Dit_A_S3_01_1,-37.5,5.5,0.000437636772403494,4.60624980926514,0.002015864299411
A,Dit_A_S3_01_1,-36.5,5.5,0.000109409193100873,49.2299995422363,0.00538621452627244
A,Dit_A_S1_02_1,-19.5,44.5,0.000109409193100873,0,0
A,Dit_A_S1_02_1,-18.5,44.5,0.000109409193100873,0,0
A,Dit_A_S1_02_1,-17.5,44.5,0.000109409193100873,0,0
A,Dit_A_S1_02_1,-20.5,43.5,0.000109409193100873,0,0
A,Dit_A_S1_02_1,-19.5,43.5,0.000437636772403494,0,0
A,Dit_A_S1_02_1,-18.5,43.5,0.000218818386201747,0,0
A,Dit_A_S1_02_1,-17.5,43.5,0.000109409193100873,0,0
A,Dit_A_S1_02_1,-21.5,42.5,0.000109409193100873,4.49277782440186,0.000491551196549304
A,Dit_A_S1_02_1,-20.5,42.5,0.000656455114949495,7.25638866424561,0.00476349345470556
A,Dit_A_S1_02_1,-19.5,42.5,0.000328227557474747,0,0
A,Dit_A_S1_02_1,-17.5,42.5,0.000218818386201747,7.309166431427,0.00159938000300484
A,Dit_A_S1_02_1,-26.5,41.5,0.000547045958228409,71.0217361450195,0.0388521537044975
A,Dit_A_S1_02_1,-25.5,41.5,0.000328227557474747,65.8457870483399,0.0216124018528789
A,Dit_A_S1_02_1,-19.5,41.5,0.000218818386201747,45.6451835632324,0.00998800540518902
A,Dit_A_S1_02_1,-18.5,41.5,0.000109409193100873,48.9677314758301,0.00535751998875081
A,Dit_A_S1_02_1,-17.5,41.5,0.000218818386201747,25.2872676849365,0.00553331910626939
A,Dit_A_S1_02_1,-26.5,40.5,0.000437636772403494,108.113800048828,0.0473145745056458
A,Dit_A_S1_02_1,-25.5,40.5,0.000765864329878241,261.31884765625,0.200134784144808
A,Dit_A_S1_02_1,-24.5,40.5,0.000109409193100873,282.128753662109,0.0308674792887265
A,Dit_A_S1_02_1,-23.5,40.5,0.000218818386201747,172.076354980469,0.0376534703003051
A,Dit_A_S1_02_1,-18.5,40.5,0.000109409193100873,38.8531951904297,0.00425089673517565
A,Dit_A_S1_02_1,-25.5,39.5,0.000109409193100873,86.0923614501953,0.00941929579841461
A,Dit_A_S1_02_1,-24.5,39.5,0.000109409193100873,66.6442565917969,0.00729149433851606
A,Dit_A_S1_02_1,-23.5,39.5,0.000109409193100873,82.6507263183594,0.00904274927569282
A,Dit_A_S1_02_1,-22.5,39.5,0.000109409193100873,325.604614257813,0.0356241381158684
A,Dit_A_S1_02_1,-22.5,38.5,0.000109409193100873,165.347045898438,0.0180904868733611
A,Dit_A_S1_02_1,-15.5,38.5,0.000109409193100873,81.2766647338867,0.00889241430646476
A,Dit_A_S1_02_1,-14.5,38.5,0.000328227557474747,47.4220809936524,0.0155652338149161
A,Dit_A_S1_02_1,-13.5,38.5,0.000109409193100873,16.4034023284912,0.00179468301286921
A,Dit_A_S1_02_1,-22.5,37.5,0.000109409193100873,44.3952751159668,0.00485725122792921
A,Dit_A_S1_02_1,-15.5,37.5,0.000328227557474747,142.603881835938,0.0468065238214273
A,Dit_A_S1_02_1,-14.5,37.5,0.000437636772403494,68.875,0.0301422326992906
A,Dit_A_S1_02_1,-15.5,36.5,0.000109409193100873,122.79273223877,0.0134346537528954
A,Dit_A_S1_02_1,-14.5,36.5,0.000218818386201747,160.323791503906,0.0350817933266301
A,Dit_A_S1_02_1,-16.5,35.5,0.000218818386201747,50.1653137207031,0.0109770929916686
A,Dit_A_S1_02_1,-15.5,35.5,0.000328227557474747,143.188980102539,0.0469985691963566
A,Dit_A_S1_02_1,-17.5,34.5,0.000328227557474747,11.021110534668,0.00361743219145327
A,Dit_A_S1_02_1,-16.5,34.5,0.000328227557474747,4.29493045806885,0.00140971453377584
A,Dit_A_S1_02_1,-15.5,34.5,0.000109409193100873,100.471038818359,0.0109924552871232
A,Dit_A_S1_02_1,-26.5,33.5,0.000109409193100873,65.3087921142578,0.00714538224761363
A,Dit_A_S1_02_1,-16.5,33.5,0.000109409193100873,0,0
A,Dit_A_S1_02_1,-11.5,33.5,0.000109409193100873,0,0
A,Dit_A_S1_02_1,-27.5,32.5,0.000875273544806987,195.941833496094,0.171502703180106
A,Dit_A_S1_02_1,-26.5,32.5,0.000437636772403494,40.5487480163574,0.0177456232068812
A,Dit_A_S1_02_1,-11.5,32.5,0.000765864329878241,0,0
A,Dit_A_S1_02_1,-10.5,32.5,0.000437636772403494,0,0
A,Dit_A_S1_02_1,-9.5,32.5,0.000218818386201747,0,0
A,Dit_A_S1_02_1,-26.5,31.5,0.000109409193100873,77.6253509521484,0.00849292701184668
A,Dit_A_S1_02_1,-11.5,31.5,0.000765864329878241,0,0
A,Dit_A_S1_02_1,-10.5,31.5,0.000437636772403494,0,0
A,Dit_A_S1_02_1,-9.5,31.5,0.000109409193100873,0,0
A,Dit_A_S1_02_1,-26.5,30.5,0.000656455114949495,45.8904876708984,0.030125045359088
A,Dit_A_S1_02_1,-25.5,30.5,0.000328227557474747,75.1459045410156,0.0246649567017281
A,Dit_A_S1_02_1,-11.5,30.5,0.000218818386201747,0,0
A,Dit_A_S1_02_1,-28.5,29.5,0.000109409193100873,65.1383666992188,0.00712673614047032
A,Dit_A_S1_02_1,-27.5,29.5,0.000437636772403494,44.7654151916504,0.0195909918197762
A,Dit_A_S1_02_1,-25.5,29.5,0.000109409193100873,33.9770126342773,0.00371739753629446
A,Dit_A_S3_02_1,-68.5,30.5,0.000328227557474747,0,0
A,Dit_A_S3_02_1,-69.5,29.5,0.000328227557474747,0,0
A,Dit_A_S3_02_1,-68.5,29.5,0.000656455114949495,0,0
A,Dit_A_S3_02_1,-68.5,28.5,0.000218818386201747,0,0
A,Dit_A_S3_02_1,-67.5,28.5,0.000109409193100873,10.6702079772949,0.00116741884501434
A,Dit_A_S3_02_1,-66.5,28.5,0.000656455114949495,0,0
A,Dit_A_S3_02_1,-69.5,27.5,0.000109409193100873,0,0
A,Dit_A_S3_02_1,-68.5,27.5,0.000547045958228409,0,0
A,Dit_A_S3_02_1,-67.5,27.5,0.000109409193100873,0,0
A,Dit_A_S3_02_1,-66.5,27.5,0.000109409193100873,12.9416666030884,0.00141593730042442
A,Dit_A_S3_02_1,-64.5,18.5,0.000437636772403494,0,0
A,Dit_A_S3_02_1,-61.5,18.5,0.000218818386201747,0,0
A,Dit_A_S3_02_1,-64.5,17.5,0.000328227557474747,0,0
A,Dit_A_S3_02_1,-63.5,17.5,0.000656455114949495,0,0
A,Dit_A_S3_02_1,-62.5,17.5,0.000547045958228409,0,0
A,Dit_A_S3_02_1,-61.5,17.5,0.000547045958228409,0,0
A,Dit_A_S3_02_1,-60.5,17.5,0.000218818386201747,0,0
A,Dit_A_S3_02_1,-63.5,16.5,0.000109409193100873,0,0
A,Dit_A_S3_02_1,-61.5,15.5,0.00109409191645682,0,0
A,Dit_A_S3_02_1,-60.5,15.5,0.000656455114949495,0,0
A,Dit_A_S3_02_1,-59.5,15.5,0.000109409193100873,0,0
A,Dit_A_S3_02_1,-60.5,14.5,0.000437636772403494,0,0
A,Dit_A_S3_02_1,-59.5,14.5,0.000218818386201747,0,0
A,Dit_A_S3_02_1,-60.5,13.5,0.000218818386201747,0,0
A,Dit_A_S3_02_1,-59.5,13.5,0.000218818386201747,0,0
A,Dit_A_S3_02_1,-59.5,12.5,0.000109409193100873,0,0
A,Dit_A_S3_02_1,-51.5,11.5,0.000328227557474747,0,0
A,Dit_A_S3_02_1,-50.5,11.5,0.000984682701528072,0,0
A,Dit_A_S3_02_1,-49.5,11.5,0.000109409193100873,0,0
A,Dit_A_S3_02_1,-50.5,10.5,0.000437636772403494,0,0
A,Dit_A_S3_02_1,-49.5,10.5,0.000328227557474747,0,0
A,Dit_A_S3_02_1,-50.5,9.5,0.000437636772403494,0,0
A,Dit_A_S3_02_1,-49.5,9.5,0.000218818386201747,0,0
A,Dit_A_S3_02_1,-48.5,9.5,0.000109409193100873,0,0
A,Dit_A_S3_02_1,-49.5,8.5,0.000109409193100873,0,0
A,Dit_A_S3_02_1,-39.5,7.5,0.000547045958228409,0,0
A,Dit_A_S3_02_1,-37.5,7.5,0.000109409193100873,142,0.015536105420324
A,Dit_A_S3_02_1,-39.5,6.5,0.000547045958228409,115.869445800781,0.0633859120074831
A,Dit_A_S3_02_1,-38.5,6.5,0.000656455114949495,30.0175704956055,0.0197051876901972
A,Dit_A_S3_02_1,-37.5,6.5,0.000984682701528072,77.4116668701172,0.0762259292634582
A,Dit_A_S3_02_1,-37.5,5.5,0.000328227557474747,199.315277099609,0.0654207665698072
A,Dit_A_S1_03_1,-21.5,43.5,0.000109409193100873,10.9384717941284,0.00119676937275225
A,Dit_A_S1_03_1,-22.5,42.5,0.000109409193100873,119.16527557373,0.0130377766461651
A,Dit_A_S1_03_1,-21.5,42.5,0.000218818386201747,18.8956260681152,0.00413471040249663
A,Dit_A_S1_03_1,-20.5,42.5,0.00109409191645682,16.416805267334,0.0179614939370358
A,Dit_A_S1_03_1,-19.5,42.5,0.000109409193100873,32.912223815918,0.00360089985085493
A,Dit_A_S1_03_1,-22.5,41.5,0.000218818386201747,93.8184280395508,0.0205291970195992
A,Dit_A_S1_03_1,-21.5,41.5,0.000437636772403494,50.5976409912109,0.0221433882946243
A,Dit_A_S1_03_1,-20.5,41.5,0.000547045958228409,76.6681976318359,0.0419410276391528
A,Dit_A_S1_03_1,-19.5,41.5,0.000547045958228409,40.669075012207,0.0222478531103159
A,Dit_A_S1_03_1,-21.5,40.5,0.000109409193100873,96.4609756469727,0.0105537175112583
A,Dit_A_S1_03_1,-23.5,39.5,0.000328227557474747,126.942687988281,0.0416660884176725
A,Dit_A_S1_03_1,-22.5,39.5,0.000328227557474747,226.066253662109,0.0742011742669808
A,Dit_A_S1_03_1,-21.5,39.5,0.000547045958228409,129.631393432617,0.07091432983683
A,Dit_A_S1_03_1,-22.5,38.5,0.000984682701528072,116.909072875977,0.115118341712659
A,Dit_A_S1_03_1,-21.5,38.5,0.000109409193100873,62.0497894287109,0.00678881739347437
A,Dit_A_S1_03_1,-23.5,37.5,0.000109409193100873,31.0769443511963,0.00340010340550513
A,Dit_A_S1_03_1,-22.5,37.5,0.000765864329878241,40.2655906677246,0.0308379796138885
A,Dit_A_S1_03_1,-21.5,37.5,0.000109409193100873,74.6829528808594,0.00817100161308537
A,Dit_A_S1_03_1,-10.5,36.5,0.000109409193100873,55.872917175293,0.00611301078434073
A,Dit_A_S1_03_1,-9.5,36.5,0.000109409193100873,75.4096527099609,0.00825050925501392
A,Dit_A_S1_03_1,-10.5,35.5,0.000218818386201747,48.6297225952148,0.0106410774197235
A,Dit_A_S1_03_1,-9.5,35.5,0.000328227557474747,13.9773607254028,0.00458775497084243
A,Dit_A_S1_03_1,-28.5,34.5,0.000109409193100873,61.6548080444336,0.00674560279893072
A,Dit_A_S1_03_1,-27.5,34.5,0.000109409193100873,115.265830993652,0.0126111415611171
A,Dit_A_S1_03_1,-15.5,34.5,0.000218818386201747,60.8555564880371,0.0133163146621215
A,Dit_A_S1_03_1,-14.5,34.5,0.000328227557474747,48.2463417053223,0.01583577889503
A,Dit_A_S1_03_1,-13.5,34.5,0.000328227557474747,26.760139465332,0.00878341521438952
A,Dit_A_S1_03_1,-12.5,34.5,0.000437636772403494,28.2577781677246,0.0123666428326169
A,Dit_A_S1_03_1,-11.5,34.5,0.000875273544806987,0,0
A,Dit_A_S1_03_1,-10.5,34.5,0.000656455114949495,0,0
A,Dit_A_S1_03_1,-9.5,34.5,0.000547045958228409,0,0
A,Dit_A_S1_03_1,-8.5,34.5,0.000109409193100873,0,0
A,Dit_A_S1_03_1,-28.5,33.5,0.000437636772403494,109.838195800781,0.0480692334968769
A,Dit_A_S1_03_1,-27.5,33.5,0.000656455114949495,85.2203826904297,0.0559433561150859
A,Dit_A_S1_03_1,-15.5,33.5,0.000109409193100873,0,0
A,Dit_A_S1_03_1,-14.5,33.5,0.000765864329878241,140.728134155273,0.107778658159844
A,Dit_A_S1_03_1,-12.5,33.5,0.000328227557474747,0,0
A,Dit_A_S1_03_1,-11.5,33.5,0.000437636772403494,0,0
A,Dit_A_S1_03_1,-10.5,33.5,0.000109409193100873,0,0
A,Dit_A_S1_03_1,-9.5,33.5,0.000109409193100873,0,0
A,Dit_A_S1_03_1,-8.5,33.5,0.000109409193100873,0,0
A,Dit_A_S1_03_1,-27.5,32.5,0.000218818386201747,23.0843048095703,0.0050512703250194
A,Dit_A_S1_03_1,-15.5,32.5,0.000218818386201747,5.98333311080933,0.00130926329541477
A,Dit_A_S1_03_1,-14.5,32.5,0.000328227557474747,0,0
A,Dit_A_S1_03_1,-28.5,31.5,0.000547045958228409,36.1304626464844,0.0197650235596818
A,Dit_A_S1_03_1,-27.5,31.5,0.000328227557474747,22.2031936645508,0.00728770002465429
A,Dit_A_S1_03_1,-28.5,30.5,0.000437636772403494,32.1087036132813,0.0140519494153768
A,Dit_A_S1_03_1,-27.5,30.5,0.000218818386201747,12.6445837020874,0.00276686739988367
A,Dit_A_S1_03_1,-27.5,29.5,0.000328227557474747,23.4070835113525,0.00768284984853868
A,Dit_A_S3_03_1,-69.5,33.5,0.000218818386201747,0,0
A,Dit_A_S3_03_1,-69.5,32.5,0.000437636772403494,0,0
A,Dit_A_S3_03_1,-68.5,32.5,0.000437636772403494,0,0
A,Dit_A_S3_03_1,-68.5,31.5,0.000875273544806987,0,0
A,Dit_A_S3_03_1,-69.5,30.5,0.000437636772403494,0,0
A,Dit_A_S3_03_1,-68.5,30.5,0.000656455114949495,0,0
A,Dit_A_S3_03_1,-69.5,29.5,0.000218818386201747,0,0
A,Dit_A_S3_03_1,-68.5,29.5,0.000109409193100873,0,0
A,Dit_A_S3_03_1,-63.5,21.5,0.000109409193100873,0,0
A,Dit_A_S3_03_1,-62.5,21.5,0.000109409193100873,0,0
A,Dit_A_S3_03_1,-63.5,20.5,0.000218818386201747,0,0
A,Dit_A_S3_03_1,-63.5,19.5,0.000218818386201747,0,0
A,Dit_A_S3_03_1,-64.5,18.5,0.000218818386201747,0,0
A,Dit_A_S3_03_1,-63.5,18.5,0.000437636772403494,0,0
A,Dit_A_S3_03_1,-64.5,17.5,0.000875273544806987,0,0
A,Dit_A_S3_03_1,-63.5,17.5,0.00120350113138556,0,0
A,Dit_A_S3_03_1,-62.5,16.5,0.000437636772403494,0,0
A,Dit_A_S3_03_1,-61.5,16.5,0.000437636772403494,0,0
A,Dit_A_S3_03_1,-60.5,16.5,0.000109409193100873,0,0
A,Dit_A_S3_03_1,-59.5,16.5,0.000109409193100873,0,0
A,Dit_A_S3_03_1,-62.5,15.5,0.000875273544806987,0,0
A,Dit_A_S3_03_1,-61.5,15.5,0.000328227557474747,0,0
A,Dit_A_S3_03_1,-60.5,15.5,0.000109409193100873,0,0
A,Dit_A_S3_03_1,-59.5,15.5,0.000656455114949495,0,0
A,Dit_A_S3_03_1,-58.5,15.5,0.000328227557474747,0,0
A,Dit_A_S3_03_1,-53.5,13.5,0.000109409193100873,0,0
A,Dit_A_S3_03_1,-55.5,12.5,0.000109409193100873,0,0
A,Dit_A_S3_03_1,-54.5,12.5,0.000437636772403494,0,0
A,Dit_A_S3_03_1,-53.5,12.5,0.000547045958228409,0,0
A,Dit_A_S3_03_1,-55.5,11.5,0.000437636772403494,0,0
A,Dit_A_S3_03_1,-53.5,11.5,0.000218818386201747,0,0
A,Dit_A_S3_03_1,-52.5,11.5,0.000218818386201747,0,0
A,Dit_A_S3_03_1,-51.5,11.5,0.000547045958228409,0,0
A,Dit_A_S3_03_1,-50.5,11.5,0.000328227557474747,0,0
A,Dit_A_S3_03_1,-50.5,10.5,0.000218818386201747,0,0
A,Dit_A_S3_03_1,-38.5,10.5,0.000437636772403494,72.0822219848633,0.0315458309771277
A,Dit_A_S3_03_1,-50.5,9.5,0.000218818386201747,0,0
A,Dit_A_S3_03_1,-37.5,9.5,0.000656455114949495,62.4104881286621,0.040969684158555
A,Dit_A_S3_03_1,-36.5,9.5,0.000437636772403494,82.9232406616211,0.03629025940039
A,Dit_A_S3_03_1,-37.5,8.5,0.000109409193100873,86.3374099731445,0.00944610635958104
A,Dit_A_S3_03_1,-36.5,8.5,0.000437636772403494,131.118896484375,0.0573824506585297
A,Dit_A_S3_03_1,-36.5,7.5,0.000765864329878241,130.979232788086,0.100312322347214
A,Dit_A_S3_03_1,-37.5,6.5,0.000437636772403494,590.897888183594,0.258598644604708
A,Dit_A_S3_03_1,-36.5,6.5,0.000109409193100873,418.351257324219,0.0457714734965786
A,Dit_A_S1_04_1,-26.5,43.5,0.000218818386201747,0,0
A,Dit_A_S1_04_1,-25.5,43.5,0.000656455114949495,0,0
A,Dit_A_S1_04_1,-24.5,43.5,0.000218818386201747,2.43722224235535,0.0005333090378872
A,Dit_A_S1_04_1,-23.5,43.5,0.000109409193100873,1.91708338260651,0.000209746545998071
A,Dit_A_S1_04_1,-28.5,42.5,0.000109409193100873,43.8801383972168,0.00480089053519414
A,Dit_A_S1_04_1,-27.5,42.5,0.000328227557474747,57.1244430541992,0.0187498164157851
A,Dit_A_S1_04_1,-26.5,42.5,0.000437636772403494,70.2143020629883,0.0307283605314102
A,Dit_A_S1_04_1,-25.5,42.5,0.000328227557474747,48.8726387023926,0.0160413468286321
A,Dit_A_S1_04_1,-23.5,42.5,0.000218818386201747,21.1499996185303,0.00462800878469435
A,Dit_A_S1_04_1,-22.5,42.5,0.000109409193100873,5.80708312988281,0.000635348279510173
A,Dit_A_S1_04_1,-28.5,41.5,0.000109409193100873,65.3503112792969,0.00714992482595878
A,Dit_A_S1_04_1,-27.5,41.5,0.000109409193100873,103.971755981445,0.0113754659272108
A,Dit_A_S1_04_1,-25.5,41.5,0.000218818386201747,87.8989334106445,0.019233902757772
A,Dit_A_S1_04_1,-22.5,41.5,0.000328227557474747,46.6437492370606,0.015309763883545
A,Dit_A_S1_04_1,-23.5,40.5,0.000328227557474747,97.8889236450195,0.0321298423118368
A,Dit_A_S1_04_1,-22.5,40.5,0.000218818386201747,65.622428894043,0.0143593939892334
A,Dit_A_S1_04_1,-21.5,40.5,0.000547045958228409,110.874549865723,0.0606534743744378
A,Dit_A_S1_04_1,-23.5,39.5,0.000218818386201747,115.327865600586,0.0252358574348122
A,Dit_A_S1_04_1,-22.5,39.5,0.000218818386201747,48.9233665466309,0.0107053321152903
A,Dit_A_S1_04_1,-21.5,39.5,0.000984682701528072,86.3111114501953,0.0849890583946689
A,Dit_A_S1_04_1,-20.5,39.5,0.000109409193100873,48.9838218688965,0.00535928042567288
A,Dit_A_S1_04_1,-21.5,38.5,0.000328227557474747,82.8204193115234,0.0271839439396557
A,Dit_A_S1_04_1,-20.5,38.5,0.000109409193100873,60.5627288818359,0.00662611929894863
A,Dit_A_S1_04_1,-27.5,37.5,0.000109409193100873,12.0110416412354,0.00131411837426855
A,Dit_A_S1_04_1,-26.5,37.5,0.000328227557474747,0.999166667461395,0.000327954034771037
A,Dit_A_S1_04_1,-25.5,37.5,0.000437636772403494,0,0
A,Dit_A_S1_04_1,-12.5,37.5,0.000109409193100873,11.7126388549805,0.00128147036620535
A,Dit_A_S1_04_1,-11.5,37.5,0.000109409193100873,12.1226387023926,0.00132632811868219
A,Dit_A_S1_04_1,-26.5,36.5,0.000109409193100873,0,0
A,Dit_A_S1_04_1,-13.5,36.5,0.000328227557474747,38.2326393127441,0.012549005817435
A,Dit_A_S1_04_1,-12.5,36.5,0.000437636772403494,0,0
A,Dit_A_S1_04_1,-11.5,36.5,0.000218818386201747,155.640655517578,0.0340570370677384
A,Dit_A_S1_04_1,-9.5,36.5,0.000547045958228409,53.3558349609375,0.0291880938632829
A,Dit_A_S1_04_1,-8.5,36.5,0.0018599561881274,35.0783348083496,0.0652441658959946
A,Dit_A_S1_04_1,-7.5,36.5,0.000218818386201747,0,0
A,Dit_A_S1_04_1,-26.5,35.5,0.000547045958228409,12.491527557373,0.00683343966235972
A,Dit_A_S1_04_1,-25.5,35.5,0.000328227557474747,74.8894424438477,0.0245807787739898
A,Dit_A_S1_04_1,-12.5,35.5,0.000109409193100873,125.354858398438,0.0137149739086473
A,Dit_A_S1_04_1,-11.5,35.5,0.00120350113138556,0,0
A,Dit_A_S1_04_1,-10.5,35.5,0.000547045958228409,0,0
A,Dit_A_S1_04_1,-8.5,35.5,0.000656455114949495,0,0
A,Dit_A_S1_04_1,-27.5,34.5,0.000109409193100873,16.4616661071777,0.00180105760588231
A,Dit_A_S1_04_1,-26.5,34.5,0.000875273544806987,13.4264812469482,0.0117518438353009
A,Dit_A_S1_04_1,-25.5,34.5,0.000109409193100873,13.2550001144409,0.00145021886707297
A,Dit_A_S1_04_1,-11.5,34.5,0.000218818386201747,0,0
A,Dit_A_S1_04_1,-26.5,33.5,0.000109409193100873,20.0163879394531,0.00218997685324962
A,Dit_A_S1_04_1,-25.5,33.5,0.000218818386201747,8.76504611968994,0.00191795324689444
A,Dit_A_S3_04_1,-69.5,33.5,0.000218818386201747,0,0
A,Dit_A_S3_04_1,-68.5,33.5,0.000109409193100873,0,0
A,Dit_A_S3_04_1,-67.5,33.5,0.000437636772403494,0,0
A,Dit_A_S3_04_1,-66.5,33.5,0.000984682701528072,0,0
A,Dit_A_S3_04_1,-65.5,33.5,0.000218818386201747,0,0
A,Dit_A_S3_04_1,-70.5,32.5,0.000328227557474747,0,0
A,Dit_A_S3_04_1,-69.5,32.5,0.000109409193100873,0,0
A,Dit_A_S3_04_1,-67.5,32.5,0.000218818386201747,0,0
A,Dit_A_S3_04_1,-66.5,32.5,0.000656455114949495,0,0
A,Dit_A_S3_04_1,-62.5,22.5,0.000109409193100873,0,0
A,Dit_A_S3_04_1,-61.5,22.5,0.000218818386201747,0,0
A,Dit_A_S3_04_1,-63.5,21.5,0.000109409193100873,0,0
A,Dit_A_S3_04_1,-62.5,21.5,0.000328227557474747,0,0
A,Dit_A_S3_04_1,-61.5,21.5,0.000547045958228409,0,0
A,Dit_A_S3_04_1,-60.5,21.5,0.000109409193100873,0,0
A,Dit_A_S3_04_1,-62.5,20.5,0.000218818386201747,0,0
A,Dit_A_S3_04_1,-61.5,20.5,0.000765864329878241,0,0
A,Dit_A_S3_04_1,-60.5,20.5,0.000656455114949495,0,0
A,Dit_A_S3_04_1,-59.5,20.5,0.000109409193100873,0,0
A,Dit_A_S3_04_1,-60.5,19.5,0.000109409193100873,0,0
A,Dit_A_S3_04_1,-64.5,18.5,0.000218818386201747,0,0
A,Dit_A_S3_04_1,-64.5,17.5,0.000328227557474747,0,0
A,Dit_A_S3_04_1,-63.5,17.5,0.000109409193100873,0,0
A,Dit_A_S3_04_1,-64.5,16.5,0.000218818386201747,0,0
A,Dit_A_S3_04_1,-63.5,16.5,0.000328227557474747,0,0
A,Dit_A_S3_04_1,-62.5,16.5,0.000547045958228409,0,0
A,Dit_A_S3_04_1,-63.5,15.5,0.000656455114949495,0,0
A,Dit_A_S3_04_1,-62.5,15.5,0.000218818386201747,0,0
A,Dit_A_S3_04_1,-64.5,14.5,0.000328227557474747,0,0
A,Dit_A_S3_04_1,-63.5,14.5,0.000328227557474747,0,0
A,Dit_A_S3_04_1,-57.5,12.5,0.000218818386201747,0,0
A,Dit_A_S3_04_1,-56.5,12.5,0.000218818386201747,0,0
A,Dit_A_S3_04_1,-39.5,12.5,0.000218818386201747,91.8834686279297,0.0201057923237824
A,Dit_A_S3_04_1,-58.5,11.5,0.000109409193100873,0,0
A,Dit_A_S3_04_1,-57.5,11.5,0.000218818386201747,0,0
A,Dit_A_S3_04_1,-56.5,11.5,0.000328227557474747,0,0
A,Dit_A_S3_04_1,-40.5,11.5,0.000218818386201747,59.5077781677246,0.013021395985113
A,Dit_A_S3_04_1,-39.5,11.5,0.0018599561881274,118.290969848633,0.220016021369556
A,Dit_A_S3_04_1,-38.5,11.5,0.000218818386201747,88.7887496948242,0.0194286109210923
A,Dit_A_S3_04_1,-56.5,10.5,0.000656455114949495,0,0
A,Dit_A_S3_04_1,-55.5,10.5,0.000437636772403494,0,0
A,Dit_A_S3_04_1,-40.5,10.5,0.000109409193100873,63.7490959167481,0.00697473714516159
A,Dit_A_S3_04_1,-39.5,10.5,0.000218818386201747,95.008544921875,0.0207896164751809
A,Dit_A_S3_04_1,-38.5,10.5,0.000328227557474747,203.291030883789,0.0667257185235095
A,Dit_A_S3_04_1,-57.5,9.5,0.000109409193100873,0,0
A,Dit_A_S3_04_1,-56.5,9.5,0.000218818386201747,0,0
A,Dit_A_S3_04_1,-55.5,9.5,0.000437636772403494,0,0
A,Dit_A_S3_04_1,-39.5,9.5,0.000109409193100873,46.5097923278809,0.00508859884988264
A,Dit_A_S3_04_1,-56.5,8.5,0.000218818386201747,0,0
A,Dit_A_S3_04_1,-55.5,8.5,0.000109409193100873,0,0
A,Dit_A_S1_05_1,-29.5,49.5,0.000109409193100873,0,0
A,Dit_A_S1_05_1,-29.5,48.5,0.000218818386201747,0,0
A,Dit_A_S1_05_1,-28.5,48.5,0.000437636772403494,0,0
A,Dit_A_S1_05_1,-27.5,48.5,0.000328227557474747,0,0
A,Dit_A_S1_05_1,-28.5,47.5,0.000328227557474747,0,0
A,Dit_A_S1_05_1,-27.5,47.5,0.000109409193100873,0,0
A,Dit_A_S1_05_1,-26.5,47.5,0.000109409193100873,0,0
A,Dit_A_S1_05_1,-25.5,47.5,0.000218818386201747,0,0
A,Dit_A_S1_05_1,-26.5,46.5,0.000328227557474747,0,0
A,Dit_A_S1_05_1,-25.5,46.5,0.000328227557474747,0,0
A,Dit_A_S1_05_1,-24.5,46.5,0.000218818386201747,0,0
A,Dit_A_S1_05_1,-24.5,45.5,0.000109409193100873,0,0
A,Dit_A_S1_05_1,-24.5,44.5,0.000218818386201747,15.3623609542847,0.0033615670322653
A,Dit_A_S1_05_1,-24.5,43.5,0.000218818386201747,0,0
A,Dit_A_S1_05_1,-25.5,42.5,0.000109409193100873,16.3424301147461,0.00178801209216178
A,Dit_A_S1_05_1,-19.5,39.5,0.000218818386201747,17.0394439697266,0.00372854363123065
A,Dit_A_S1_05_1,-27.5,38.5,0.000765864329878241,4.72541666030884,0.0036190280639429
A,Dit_A_S1_05_1,-26.5,38.5,0.00120350113138556,42.4740982055664,0.0511176252449808
A,Dit_A_S1_05_1,-25.5,38.5,0.000109409193100873,14.3079166412354,0.00156541761467212
A,Dit_A_S1_05_1,-23.5,38.5,0.000109409193100873,9.82069396972656,0.0010744742029184
A,Dit_A_S1_05_1,-21.5,38.5,0.000875273544806987,0,0
A,Dit_A_S1_05_1,-20.5,38.5,0.000109409193100873,16.3602771759033,0.00178996472472222
A,Dit_A_S1_05_1,-19.5,38.5,0.000109409193100873,25.4498615264893,0.00278444881414215
A,Dit_A_S1_05_1,-27.5,37.5,0.000437636772403494,44.2800712585449,0.0193785874673863
A,Dit_A_S1_05_1,-26.5,37.5,0.000547045958228409,60.8002777099609,0.033260546180399
A,Dit_A_S1_05_1,-25.5,37.5,0.000328227557474747,2.10819435119629,0.000691967482575218
A,Dit_A_S1_05_1,-23.5,37.5,0.000109409193100873,27.8022918701172,0.00304182631986449
A,Dit_A_S1_05_1,-22.5,37.5,0.000547045958228409,16.5832862854004,0.00907181973657289
A,Dit_A_S1_05_1,-21.5,37.5,0.000218818386201747,26.6068515777588,0.00582206832415458
A,Dit_A_S1_05_1,-20.5,37.5,0.000765864329878241,62.7407684326172,0.0480509165716923
A,Dit_A_S1_05_1,-9.5,37.5,0.000218818386201747,123.592132568359,0.0270442309958407
A,Dit_A_S1_05_1,-23.5,36.5,0.000109409193100873,23.7465286254883,0.00259808853586146
A,Dit_A_S1_05_1,-22.5,36.5,0.000218818386201747,28.1270141601563,0.00615470784719907
A,Dit_A_S1_05_1,-14.5,36.5,0.000109409193100873,277.941192626953,0.0304093216148094
A,Dit_A_S1_05_1,-13.5,36.5,0.000437636772403494,13.5329627990723,0.00592252216044253
A,Dit_A_S1_05_1,-12.5,36.5,0.000218818386201747,0,0
A,Dit_A_S1_05_1,-9.5,36.5,0.000109409193100873,47.6949996948242,0.00521827143155712
A,Dit_A_S1_05_1,-8.5,36.5,0.00120350113138556,57.6963882446289,0.0694376685292717
A,Dit_A_S1_05_1,-7.5,36.5,0.000218818386201747,6.87069463729858,0.00150343431261867
A,Dit_A_S1_05_1,-14.5,35.5,0.000109409193100873,5.64611101150513,0.000617736449926732
A,Dit_A_S1_05_1,-13.5,35.5,0.000984682701528072,9.80694389343262,0.00965672800671946
A,Dit_A_S1_05_1,-12.5,35.5,0.000328227557474747,86.8427734375,0.0285041914097235
A,Dit_A_S1_05_1,-11.5,35.5,0.000109409193100873,0,0
A,Dit_A_S1_05_1,-10.5,35.5,0.000328227557474747,0,0
A,Dit_A_S1_05_1,-9.5,35.5,0.000547045958228409,2.33208322525024,0.00127575670262542
A,Dit_A_S1_05_1,-8.5,35.5,0.000328227557474747,0,0
A,Dit_A_S1_05_1,-12.5,34.5,0.000218818386201747,0,0
A,Dit_A_S1_05_1,-10.5,34.5,0.000437636772403494,0,0
A,Dit_A_S1_05_1,-9.5,34.5,0.000765864329878241,0,0
A,Dit_A_S1_05_1,-8.5,34.5,0.000109409193100873,0,0
A,Dit_A_S3_05_1,-64.5,37.5,0.000547045958228409,0,0
A,Dit_A_S3_05_1,-64.5,36.5,0.000109409193100873,0,0
A,Dit_A_S3_05_1,-66.5,35.5,0.000218818386201747,0,0
A,Dit_A_S3_05_1,-64.5,35.5,0.000218818386201747,0,0
A,Dit_A_S3_05_1,-65.5,34.5,0.000656455114949495,0,0
A,Dit_A_S3_05_1,-64.5,34.5,0.000218818386201747,0,0
A,Dit_A_S3_05_1,-67.5,33.5,0.000109409193100873,0,0
A,Dit_A_S3_05_1,-66.5,33.5,0.000218818386201747,0,0
A,Dit_A_S3_05_1,-65.5,33.5,0.000218818386201747,0,0
A,Dit_A_S3_05_1,-64.5,33.5,0.000437636772403494,0,0
A,Dit_A_S3_05_1,-66.5,32.5,0.000437636772403494,0,0
A,Dit_A_S3_05_1,-60.5,24.5,0.000109409193100873,0,0
A,Dit_A_S3_05_1,-59.5,24.5,0.000437636772403494,14.0913887023926,0.00616690987039814
A,Dit_A_S3_05_1,-58.5,24.5,0.000109409193100873,0,0
A,Dit_A_S3_05_1,-61.5,23.5,0.000109409193100873,0,0
A,Dit_A_S3_05_1,-60.5,23.5,0.000328227557474747,22.0143051147461,0.00722570159731695
A,Dit_A_S3_05_1,-59.5,23.5,0.000437636772403494,25.8888893127441,0.0113299299599406
A,Dit_A_S3_05_1,-58.5,23.5,0.000109409193100873,3.02791666984558,0.000331281919624489
A,Dit_A_S3_05_1,-57.5,23.5,0.000218818386201747,0,0
A,Dit_A_S3_05_1,-59.5,22.5,0.000547045958228409,0,0
A,Dit_A_S3_05_1,-58.5,22.5,0.000109409193100873,0,0
A,Dit_A_S3_05_1,-60.5,21.5,0.000109409193100873,0,0
A,Dit_A_S3_05_1,-59.5,21.5,0.000109409193100873,0,0
A,Dit_A_S3_05_1,-63.5,20.5,0.000218818386201747,0,0
A,Dit_A_S3_05_1,-62.5,20.5,0.000656455114949495,0,0
A,Dit_A_S3_05_1,-60.5,20.5,0.000109409193100873,0,0
A,Dit_A_S3_05_1,-59.5,20.5,0.000547045958228409,0,0
A,Dit_A_S3_05_1,-63.5,19.5,0.000437636772403494,0,0
A,Dit_A_S3_05_1,-62.5,19.5,0.000656455114949495,0,0
A,Dit_A_S3_05_1,-61.5,19.5,0.000218818386201747,0,0
A,Dit_A_S3_05_1,-63.5,18.5,0.000328227557474747,0,0
A,Dit_A_S3_05_1,-63.5,17.5,0.000765864329878241,0,0
A,Dit_A_S3_05_1,-62.5,17.5,0.000109409193100873,0,0
A,Dit_A_S3_05_1,-59.5,13.5,0.000218818386201747,0,0
A,Dit_A_S3_05_1,-61.5,12.5,0.000328227557474747,0,0
A,Dit_A_S3_05_1,-60.5,12.5,0.000656455114949495,0,0
A,Dit_A_S3_05_1,-59.5,12.5,0.000656455114949495,0,0
A,Dit_A_S3_05_1,-58.5,12.5,0.000109409193100873,0,0
A,Dit_A_S3_05_1,-59.5,11.5,0.000765864329878241,0,0
A,Dit_A_S3_05_1,-58.5,11.5,0.000328227557474747,0,0
A,Dit_A_S3_05_1,-39.5,11.5,0.000328227557474747,83.1352767944336,0.027287288842224
A,Dit_A_S3_05_1,-38.5,11.5,0.000218818386201747,12.4092359542847,0.00271536898551326
A,Dit_A_S3_05_1,-59.5,10.5,0.000109409193100873,0,0
A,Dit_A_S3_05_1,-58.5,10.5,0.000218818386201747,0.447638899087906,9.79516214995421e-05
A,Dit_A_S3_05_1,-40.5,10.5,0.000109409193100873,76.8953247070313,0.00841305542942594
A,Dit_A_S3_05_1,-39.5,10.5,0.000765864329878241,101.336044311523,0.0776096616691566
A,Dit_A_S3_05_1,-38.5,10.5,0.000547045958228409,32.7241668701172,0.0179016232226896
A,Dit_A_S3_05_1,-37.5,10.5,0.000109409193100873,24.2144451141357,0.00264928290132298
A,Dit_A_S3_05_1,-39.5,9.5,0.000437636772403494,136.956985473633,0.0599374130807928
A,Dit_A_S3_05_1,-38.5,9.5,0.000547045958228409,57.2933349609375,0.0313420873238073
A,Dit_A_S3_05_1,-38.5,8.5,0.000328227557474747,120.533790588379,0.0395625116779963
A,Dit_A_S1_06_1,-33.5,54.5,0.000109409193100873,0,0
A,Dit_A_S1_06_1,-32.5,54.5,0.000218818386201747,0,0
A,Dit_A_S1_06_1,-31.5,54.5,0.000218818386201747,0,0
A,Dit_A_S1_06_1,-30.5,54.5,0.000437636772403494,0,0
A,Dit_A_S1_06_1,-30.5,53.5,0.000109409193100873,0,0
A,Dit_A_S1_06_1,-29.5,53.5,0.000109409193100873,0,0
A,Dit_A_S1_06_1,-30.5,52.5,0.000218818386201747,0,0
A,Dit_A_S1_06_1,-29.5,52.5,0.000109409193100873,0,0
A,Dit_A_S1_06_1,-31.5,51.5,0.000218818386201747,0,0
A,Dit_A_S1_06_1,-30.5,51.5,0.000875273544806987,0,0
A,Dit_A_S1_06_1,-30.5,50.5,0.000328227557474747,0,0
A,Dit_A_S1_06_1,-29.5,50.5,0.000109409193100873,0,0
A,Dit_A_S1_06_1,-29.5,49.5,0.000218818386201747,0,0
A,Dit_A_S1_06_1,-25.5,40.5,0.000328227557474747,116.893661499023,0.0383677209981044
A,Dit_A_S1_06_1,-24.5,40.5,0.000656455114949495,99.3169784545898,0.0651971385078443
A,Dit_A_S1_06_1,-23.5,40.5,0.000109409193100873,51.4728813171387,0.00563160641148516
A,Dit_A_S1_06_1,-25.5,39.5,0.000328227557474747,13.2068061828613,0.00433483773544296
A,Dit_A_S1_06_1,-24.5,39.5,0.000656455114949495,16.864444732666,0.0110707510055417
A,Dit_A_S1_06_1,-25.5,38.5,0.000328227557474747,16.2005100250244,0.00531745383535892
A,Dit_A_S1_06_1,-24.5,38.5,0.000328227557474747,14.554027557373,0.00477703291657672
A,Dit_A_S1_06_1,-27.5,37.5,0.000109409193100873,3.02763891220093,0.00033125153038471
A,Dit_A_S1_06_1,-26.5,37.5,0.000328227557474747,7.56124973297119,0.00248181053130972
A,Dit_A_S1_06_1,-25.5,37.5,0.000109409193100873,1.26750004291534,0.00013867615695069
A,Dit_A_S1_06_1,-22.5,36.5,0.000328227557474747,12.142707824707,0.00398557133043309
A,Dit_A_S1_06_1,-23.5,35.5,0.000109409193100873,31.2589588165283,0.0034200174612898
A,Dit_A_S1_06_1,-22.5,35.5,0.000109409193100873,53.521110534668,0.00585570151746068
A,Dit_A_S1_06_1,-12.5,35.5,0.000437636772403494,77.1134719848633,0.0337476909882828
A,Dit_A_S1_06_1,-10.5,35.5,0.000218818386201747,0,0
A,Dit_A_S1_06_1,-8.5,35.5,0.000109409193100873,0,0
A,Dit_A_S1_06_1,-7.5,35.5,0.000109409193100873,0,0
A,Dit_A_S1_06_1,-23.5,34.5,0.000328227557474747,14.8947219848633,0.0048888582163571
A,Dit_A_S1_06_1,-12.5,34.5,0.000328227557474747,10.4049997329712,0.00341520764787853
A,Dit_A_S1_06_1,-11.5,34.5,0.000218818386201747,0,0
A,Dit_A_S1_06_1,-10.5,34.5,0.000437636772403494,0,0
A,Dit_A_S1_06_1,-9.5,34.5,0.000656455114949495,0,0
A,Dit_A_S1_06_1,-8.5,34.5,0.000765864329878241,0,0
A,Dit_A_S1_06_1,-7.5,34.5,0.000547045958228409,0,0
A,Dit_A_S1_06_1,-6.5,34.5,0.000109409193100873,0,0
A,Dit_A_S1_06_1,-24.5,33.5,0.000109409193100873,0,0
A,Dit_A_S1_06_1,-23.5,33.5,0.000765864329878241,0,0
A,Dit_A_S1_06_1,-13.5,33.5,0.000218818386201747,0,0
A,Dit_A_S1_06_1,-12.5,33.5,0.000656455114949495,0,0
A,Dit_A_S1_06_1,-11.5,33.5,0.000218818386201747,0,0
A,Dit_A_S1_06_1,-10.5,33.5,0.000328227557474747,0,0
A,Dit_A_S1_06_1,-9.5,33.5,0.000109409193100873,0,0
A,Dit_A_S1_06_1,-8.5,33.5,0.000765864329878241,0,0
A,Dit_A_S1_06_1,-7.5,33.5,0.000218818386201747,0,0
A,Dit_A_S1_06_1,-25.5,32.5,0.000109409193100873,0,0
A,Dit_A_S1_06_1,-24.5,32.5,0.000656455114949495,0,0
A,Dit_A_S1_06_1,-23.5,32.5,0.000656455114949495,0,0
A,Dit_A_S1_06_1,-12.5,32.5,0.000109409193100873,0,0
A,Dit_A_S1_06_1,-23.5,31.5,0.000109409193100873,0,0
A,Dit_A_S3_06_1,-65.5,40.5,0.000109409193100873,19.4114589691162,0.00212379206272172
A,Dit_A_S3_06_1,-65.5,39.5,0.00109409191645682,0.850833356380463,0.000930889897467688
A,Dit_A_S3_06_1,-64.5,39.5,0.000328227557474747,0,0
A,Dit_A_S3_06_1,-64.5,38.5,0.000437636772403494,0,0
A,Dit_A_S3_06_1,-63.5,38.5,0.000765864329878241,0,0
A,Dit_A_S3_06_1,-64.5,37.5,0.000328227557474747,0,0
A,Dit_A_S3_06_1,-63.5,37.5,0.000218818386201747,0,0
A,Dit_A_S3_06_1,-57.5,24.5,0.000218818386201747,0,0
A,Dit_A_S3_06_1,-65.5,23.5,0.000109409193100873,0,0
A,Dit_A_S3_06_1,-57.5,23.5,0.000328227557474747,0,0
A,Dit_A_S3_06_1,-66.5,22.5,0.000437636772403494,0,0
A,Dit_A_S3_06_1,-65.5,22.5,0.000437636772403494,0,0
A,Dit_A_S3_06_1,-64.5,22.5,0.000437636772403494,9.61263847351074,0.00420684407582889
A,Dit_A_S3_06_1,-63.5,22.5,0.000328227557474747,0.00416666688397527,1.36761489413812e-06
A,Dit_A_S3_06_1,-58.5,22.5,0.000218818386201747,0,0
A,Dit_A_S3_06_1,-57.5,22.5,0.000656455114949495,6.4961109161377,0.00426440523817784
A,Dit_A_S3_06_1,-56.5,22.5,0.000984682701528072,6.42083311080933,0.00632248329361262
A,Dit_A_S3_06_1,-55.5,22.5,0.000218818386201747,0,0
A,Dit_A_S3_06_1,-66.5,21.5,0.000328227557474747,0,0
A,Dit_A_S3_06_1,-63.5,21.5,0.000765864329878241,0,0
A,Dit_A_S3_06_1,-62.5,21.5,0.000328227557474747,0,0
A,Dit_A_S3_06_1,-58.5,21.5,0.000109409193100873,0,0
A,Dit_A_S3_06_1,-57.5,21.5,0.000328227557474747,0,0
A,Dit_A_S3_06_1,-56.5,21.5,0.000218818386201747,3.52944445610046,0.000772307340072605
A,Dit_A_S3_06_1,-63.5,20.5,0.000109409193100873,0,0
A,Dit_A_S3_06_1,-61.5,13.5,0.000218818386201747,0,0
A,Dit_A_S3_06_1,-60.5,13.5,0.000547045958228409,0,0
A,Dit_A_S3_06_1,-40.5,13.5,0.000109409193100873,1.3265278339386,0.000145134339937071
A,Dit_A_S3_06_1,-61.5,12.5,0.000547045958228409,0,0
A,Dit_A_S3_06_1,-60.5,12.5,0.000984682701528072,0,0
A,Dit_A_S3_06_1,-59.5,12.5,0.000218818386201747,0,0
A,Dit_A_S3_06_1,-40.5,12.5,0.000109409193100873,0,0
A,Dit_A_S3_06_1,-39.5,12.5,0.000109409193100873,33.700138092041,0.00368710491603821
A,Dit_A_S3_06_1,-38.5,12.5,0.000109409193100873,199.079025268555,0.021781075517941
A,Dit_A_S3_06_1,-61.5,11.5,0.000656455114949495,0.274722218513489,0.000180342805533452
A,Dit_A_S3_06_1,-41.5,11.5,0.000547045958228409,17.6802768707275,0.00967192400249073
A,Dit_A_S3_06_1,-40.5,11.5,0.000437636772403494,91.9063873291016,0.0402216147139733
A,Dit_A_S3_06_1,-38.5,11.5,0.000109409193100873,14.8416662216187,0.00162381472557978
A,Dit_A_S3_06_1,-62.5,10.5,0.000109409193100873,0,0
A,Dit_A_S3_06_1,-41.5,10.5,0.000437636772403494,41.634651184082,0.018220854364347
A,Dit_A_S3_06_1,-40.5,10.5,0.000218818386201747,53.1765975952149,0.0116360172694846
A,Dit_A_S3_06_1,-38.5,10.5,0.000328227557474747,75.383544921875,0.0247429568234949
A,Dit_A_S3_06_1,-37.5,10.5,0.000328227557474747,28.8287506103516,0.00946239039788432
A,Dit_A_S3_06_1,-41.5,9.5,0.000218818386201747,79.1866683959961,0.0173274989871047
A,Dit_A_S3_06_1,-38.5,9.5,0.000109409193100873,54.0895843505859,0.00591789777895924
A,Dit_A_S3_06_1,-37.5,9.5,0.000109409193100873,0,0
A,Dit_A_S1_07_1,-35.5,54.5,0.000109409193100873,0,0
A,Dit_A_S1_07_1,-34.5,54.5,0.000328227557474747,0,0
A,Dit_A_S1_07_1,-33.5,54.5,0.000109409193100873,0,0
A,Dit_A_S1_07_1,-36.5,53.5,0.000328227557474747,0,0
A,Dit_A_S1_07_1,-35.5,53.5,0.000218818386201747,0,0
A,Dit_A_S1_07_1,-34.5,53.5,0.000328227557474747,0,0
A,Dit_A_S1_07_1,-37.5,52.5,0.000109409193100873,0,0
A,Dit_A_S1_07_1,-36.5,52.5,0.000218818386201747,0,0
A,Dit_A_S1_07_1,-35.5,52.5,0.000218818386201747,0,0
A,Dit_A_S1_07_1,-34.5,52.5,0.000547045958228409,0,0
A,Dit_A_S1_07_1,-37.5,51.5,0.000437636772403494,0,0
A,Dit_A_S1_07_1,-38.5,50.5,0.000218818386201747,0,0
A,Dit_A_S1_07_1,-37.5,50.5,0.000218818386201747,0,0
A,Dit_A_S1_07_1,-24.5,39.5,0.000109409193100873,11.9503469467163,0.00130747781671572
A,Dit_A_S1_07_1,-23.5,39.5,0.000547045958228409,19.8898258209229,0.0108806488252029
A,Dit_A_S1_07_1,-22.5,39.5,0.000218818386201747,34.6051406860352,0.00757224103920262
A,Dit_A_S1_07_1,-21.5,39.5,0.000109409193100873,23.7225456237793,0.00259546457499635
A,Dit_A_S1_07_1,-25.5,38.5,0.000109409193100873,19.9730567932129,0.00218523602750334
A,Dit_A_S1_07_1,-24.5,38.5,0.000218818386201747,6.30773162841797,0.00138024765552414
A,Dit_A_S1_07_1,-22.5,38.5,0.000218818386201747,49.5679168701172,0.0108463715769014
A,Dit_A_S1_07_1,-21.5,38.5,0.000109409193100873,15.6574649810791,0.00171307060958505
A,Dit_A_S1_07_1,-24.5,37.5,0.000109409193100873,5.13124990463257,0.000561405911664783
A,Dit_A_S1_07_1,-23.5,37.5,0.000437636772403494,20.5712509155273,0.0090027358549738
A,Dit_A_S1_07_1,-22.5,37.5,0.000109409193100873,52.1550712585449,0.00570624426251595
A,Dit_A_S1_07_1,-12.5,37.5,0.000328227557474747,53.6656951904297,0.017614560052539
A,Dit_A_S1_07_1,-11.5,37.5,0.000328227557474747,44.0162506103516,0.014447346427032
A,Dit_A_S1_07_1,-23.5,36.5,0.000218818386201747,21.5862503051758,0.00472346845592553
A,Dit_A_S1_07_1,-22.5,36.5,0.000437636772403494,19.5993061065674,0.00857737706582623
A,Dit_A_S1_07_1,-21.5,36.5,0.000547045958228409,30.2478485107422,0.0165469632729067
A,Dit_A_S1_07_1,-20.5,36.5,0.000218818386201747,6.0995831489563,0.00133470094115799
A,Dit_A_S1_07_1,-13.5,36.5,0.000109409193100873,11.9334726333618,0.00130563161170747
A,Dit_A_S1_07_1,-12.5,36.5,0.000328227557474747,16.2486114501953,0.00533324204865382
A,Dit_A_S1_07_1,-9.5,36.5,0.000328227557474747,10.7406597137451,0.00352538050350998
A,Dit_A_S1_07_1,-8.5,36.5,0.00120350113138556,45.6165733337402,0.054899597617089
A,Dit_A_S1_07_1,-7.5,36.5,0.000437636772403494,63.7993392944336,0.0279209369302913
A,Dit_A_S1_07_1,-23.5,35.5,0.000765864329878241,0,0
A,Dit_A_S1_07_1,-22.5,35.5,0.000328227557474747,6.78125,0.00222579312412563
A,Dit_A_S1_07_1,-21.5,35.5,0.000218818386201747,13.6211109161377,0.00298054950894425
A,Dit_A_S1_07_1,-14.5,35.5,0.000109409193100873,0,0
A,Dit_A_S1_07_1,-13.5,35.5,0.000109409193100873,22.1362495422363,0.00242190920069565
A,Dit_A_S1_07_1,-9.5,35.5,0.000656455114949495,0,0
A,Dit_A_S1_07_1,-8.5,35.5,0.000218818386201747,0,0
A,Dit_A_S1_07_1,-7.5,35.5,0.000547045958228409,0,0
A,Dit_A_S1_07_1,-22.5,34.5,0.000109409193100873,0,0
A,Dit_A_S1_07_1,-14.5,34.5,0.000109409193100873,1.54722225666046,0.000169280338648934
A,Dit_A_S1_07_1,-13.5,34.5,0.000328227557474747,2.97069454193115,0.000975063813501625
A,Dit_A_S1_07_1,-23.5,33.5,0.000656455114949495,0,0
A,Dit_A_S1_07_1,-22.5,33.5,0.000218818386201747,0,0
A,Dit_A_S1_07_1,-14.5,33.5,0.000328227557474747,68.1025466918945,0.0223531325584905
A,Dit_A_S1_07_1,-13.5,33.5,0.000328227557474747,3.8981945514679,0.00127949487618968
A,Dit_A_S1_07_1,-12.5,33.5,0.000109409193100873,0,0
A,Dit_A_S1_07_1,-23.5,32.5,0.000547045958228409,0,0
A,Dit_A_S1_07_1,-22.5,32.5,0.000109409193100873,0,0
A,Dit_A_S1_07_1,-14.5,32.5,0.000218818386201747,1.52194440364838,0.000333029418295118
A,Dit_A_S1_07_1,-13.5,32.5,0.000328227557474747,1.07500004768372,0.000352844639936463
A,Dit_A_S1_07_1,-12.5,32.5,0.000328227557474747,0,0
A,Dit_A_S1_07_1,-23.5,31.5,0.000109409193100873,8.69375038146973,0.000951176214257013
A,Dit_A_S3_07_1,-66.5,39.5,0.000218818386201747,0,0
A,Dit_A_S3_07_1,-64.5,39.5,0.000109409193100873,0,0
A,Dit_A_S3_07_1,-67.5,38.5,0.000437636772403494,0,0
A,Dit_A_S3_07_1,-66.5,38.5,0.000765864329878241,0,0
A,Dit_A_S3_07_1,-65.5,38.5,0.000109409193100873,0,0
A,Dit_A_S3_07_1,-64.5,38.5,0.000547045958228409,0,0
A,Dit_A_S3_07_1,-66.5,37.5,0.000984682701528072,0,0
A,Dit_A_S3_07_1,-65.5,37.5,0.000109409193100873,0,0
A,Dit_A_S3_07_1,-64.5,37.5,0.000109409193100873,0,0
A,Dit_A_S3_07_1,-65.5,27.5,0.000109409193100873,0,0
A,Dit_A_S3_07_1,-64.5,27.5,0.000218818386201747,0,0
A,Dit_A_S3_07_1,-65.5,26.5,0.000328227557474747,0,0
A,Dit_A_S3_07_1,-64.5,26.5,0.000328227557474747,0,0
A,Dit_A_S3_07_1,-64.5,25.5,0.000218818386201747,0,0
A,Dit_A_S3_07_1,-65.5,24.5,0.000109409193100873,0,0
A,Dit_A_S3_07_1,-64.5,24.5,0.000437636772403494,0,0
A,Dit_A_S3_07_1,-65.5,23.5,0.000547045958228409,0,0
A,Dit_A_S3_07_1,-64.5,23.5,0.000984682701528072,0,0
A,Dit_A_S3_07_1,-57.5,23.5,0.000109409193100873,0,0
A,Dit_A_S3_07_1,-56.5,23.5,0.000218818386201747,0,0
A,Dit_A_S3_07_1,-55.5,23.5,0.000218818386201747,0,0
A,Dit_A_S3_07_1,-65.5,22.5,0.000109409193100873,0,0
A,Dit_A_S3_07_1,-58.5,22.5,0.000218818386201747,0,0
A,Dit_A_S3_07_1,-57.5,22.5,0.00164113787468523,0,0
A,Dit_A_S3_07_1,-56.5,22.5,0.000656455114949495,0,0
A,Dit_A_S3_07_1,-57.5,21.5,0.000218818386201747,0,0
A,Dit_A_S3_07_1,-56.5,21.5,0.000109409193100873,0,0
A,Dit_A_S3_07_1,-61.5,12.5,0.000547045958228409,0,0
A,Dit_A_S3_07_1,-60.5,12.5,0.000218818386201747,0,0
A,Dit_A_S3_07_1,-62.5,11.5,0.000765864329878241,0,0
A,Dit_A_S3_07_1,-61.5,11.5,0.000984682701528072,0,0
A,Dit_A_S3_07_1,-60.5,11.5,0.000218818386201747,0,0
A,Dit_A_S3_07_1,-62.5,10.5,0.000109409193100873,0,0
A,Dit_A_S3_07_1,-61.5,10.5,0.000547045958228409,4.60562515258789,0.00251948862483831
A,Dit_A_S3_07_1,-41.5,10.5,0.000109409193100873,5.9648609161377,0.000652610619793562
A,Dit_A_S3_07_1,-40.5,10.5,0.000328227557474747,37.7329177856445,0.0123849834411776
A,Dit_A_S3_07_1,-41.5,9.5,0.000328227557474747,0,0
A,Dit_A_S3_07_1,-40.5,9.5,0.000875273544806987,4.82138872146606,0.00422003399713003
A,Dit_A_S3_07_1,-42.5,8.5,0.000218818386201747,0,0
A,Dit_A_S3_07_1,-41.5,8.5,0.000328227557474747,27.3663883209229,0.00898240279548196
A,Dit_A_S3_07_1,-42.5,7.5,0.000109409193100873,42.8601379394531,0.0046892931081477
A,Dit_A_S3_07_1,-41.5,7.5,0.000328227557474747,268.900543212891,0.0882605685023998
A,Dit_A_S3_07_1,-42.5,6.5,0.000328227557474747,8.02305603027344,0.00263338808429969
A,Dit_A_S3_07_1,-41.5,6.5,0.000437636772403494,0,0
A,Dit_A_S1_08_1,-41.5,50.5,0.000109409193100873,64.439582824707,0.0070502827606081
A,Dit_A_S1_08_1,-40.5,50.5,0.000109409193100873,17.3638896942139,0.00189976916053651
A,Dit_A_S1_08_1,-39.5,50.5,0.000437636772403494,7.19222211837769,0.00314758087429583
A,Dit_A_S1_08_1,-41.5,49.5,0.000547045958228409,437.765838623047,0.239478032669208
A,Dit_A_S1_08_1,-40.5,49.5,0.000547045958228409,272.043762207031,0.148820440576607
A,Dit_A_S1_08_1,-39.5,49.5,0.000218818386201747,22.3111114501953,0.00488208140189905
A,Dit_A_S1_08_1,-38.5,49.5,0.000437636772403494,25.727222442627,0.011259178592698
A,Dit_A_S1_08_1,-41.5,48.5,0.000109409193100873,63.3888893127442,0.00693532723126791
A,Dit_A_S1_08_1,-40.5,48.5,0.000328227557474747,24.857500076294,0.00815891653497031
A,Dit_A_S1_08_1,-39.5,48.5,0.000218818386201747,45.7828483581543,0.0100181289934506
A,Dit_A_S1_08_1,-38.5,48.5,0.000218818386201747,47.305103302002,0.010351226363651
A,Dit_A_S1_08_1,-39.5,47.5,0.000109409193100873,140.912734985352,0.0154171486323845
A,Dit_A_S1_08_1,-21.5,42.5,0.000109409193100873,4.78368043899536,0.000523378616882914
A,Dit_A_S1_08_1,-20.5,42.5,0.000218818386201747,7.03537034988403,0.00153946838629324
A,Dit_A_S1_08_1,-19.5,42.5,0.000109409193100873,12.2486801147461,0.00134011820790508
A,Dit_A_S1_08_1,-21.5,41.5,0.000109409193100873,19.4255905151367,0.00212533818376909
A,Dit_A_S1_08_1,-20.5,41.5,0.000437636772403494,33.9299659729004,0.0148490007961405
A,Dit_A_S1_08_1,-19.5,41.5,0.000109409193100873,39.1351737976074,0.00428174778705867
A,Dit_A_S1_08_1,-20.5,40.5,0.000218818386201747,85.88671875,0.0187935931930383
A,Dit_A_S1_08_1,-14.5,40.5,0.000109409193100873,10.2382287979126,0.00112015635156174
A,Dit_A_S1_08_1,-23.5,39.5,0.000109409193100873,72.0677795410156,0.00788487760815415
A,Dit_A_S1_08_1,-22.5,39.5,0.000328227557474747,41.9700012207031,0.0137757109878836
A,Dit_A_S1_08_1,-21.5,39.5,0.000547045958228409,22.7945823669434,0.0124696841533409
A,Dit_A_S1_08_1,-20.5,39.5,0.000547045958228409,37.6112518310547,0.0205750832980893
A,Dit_A_S1_08_1,-14.5,39.5,0.000328227557474747,89.4813919067383,0.0293702587049893
A,Dit_A_S1_08_1,-13.5,39.5,0.000218818386201747,52.5865287780762,0.0115068993631703
A,Dit_A_S1_08_1,-21.5,38.5,0.00109409191645682,13.6758613586426,0.014962649363075
A,Dit_A_S1_08_1,-20.5,38.5,0.000984682701528072,25.271276473999,0.0248841887894802
A,Dit_A_S1_08_1,-19.5,38.5,0.000109409193100873,37.3653259277344,0.00408811015970456
A,Dit_A_S1_08_1,-18.5,38.5,0.000109409193100873,53.3513565063477,0.00583712886619653
A,Dit_A_S1_08_1,-15.5,38.5,0.000328227557474747,82.6947479248047,0.0271426951273486
A,Dit_A_S1_08_1,-14.5,38.5,0.000328227557474747,57.0090560913086,0.0187119432347911
A,Dit_A_S1_08_1,-22.5,37.5,0.000218818386201747,29.5247230529785,0.00646055225150627
A,Dit_A_S1_08_1,-21.5,37.5,0.000109409193100873,25.3549308776856,0.002774062528456
A,Dit_A_S1_08_1,-17.5,37.5,0.000218818386201747,99.5406112670899,0.021781315919
A,Dit_A_S1_08_1,-15.5,37.5,0.000109409193100873,82.1982192993164,0.00899324084786685
A,Dit_A_S1_08_1,-14.5,37.5,0.000437636772403494,71.1442489624024,0.0311353394909764
A,Dit_A_S1_08_1,-23.5,36.5,0.000109409193100873,0,0
A,Dit_A_S1_08_1,-22.5,36.5,0.000109409193100873,82.5959701538086,0.00903675844791202
A,Dit_A_S1_08_1,-19.5,36.5,0.000547045958228409,32.7752075195313,0.0179295448036569
A,Dit_A_S1_08_1,-18.5,36.5,0.000218818386201747,21.9676399230957,0.00480692351663287
A,Dit_A_S1_08_1,-17.5,36.5,0.000109409193100873,5.13652801513672,0.000561983385476139
A,Dit_A_S1_08_1,-15.5,36.5,0.000218818386201747,30.5131950378418,0.00667684809603969
A,Dit_A_S1_08_1,-14.5,36.5,0.000437636772403494,92.3490295410156,0.040415331222925
A,Dit_A_S1_08_1,-8.5,36.5,0.000437636772403494,37.2357635498047,0.0162957393779162
A,Dit_A_S1_08_1,-7.5,36.5,0.00262582045979798,162.714218139648,0.42725832309112
A,Dit_A_S1_08_1,-6.5,36.5,0.000218818386201747,112.338264465332,0.024581677739009
A,Dit_A_S1_08_1,-15.5,35.5,0.000109409193100873,108.419723510742,0.0118621144655301
A,Dit_A_S1_08_1,-14.5,35.5,0.000328227557474747,0.944166660308838,0.000309901516762259
A,Dit_A_S1_08_1,-13.5,35.5,0.000109409193100873,18.8822231292725,0.00206588879652435
A,Dit_A_S1_08_1,-12.5,35.5,0.000218818386201747,111.967361450195,0.0245005173397994
A,Dit_A_S1_08_1,-7.5,35.5,0.000109409193100873,6.75416660308838,0.000738967918112767
A,Dit_A_S1_08_1,-14.5,34.5,0.000109409193100873,16.0187492370605,0.00175259842851203
A,Dit_A_S3_08_1,-67.5,38.5,0.000437636772403494,16.6065273284912,0.0072676270208713
A,Dit_A_S3_08_1,-66.5,38.5,0.000437636772403494,0,0
A,Dit_A_S3_08_1,-67.5,37.5,0.00142231944482774,0,0
A,Dit_A_S3_08_1,-66.5,37.5,0.000218818386201747,0,0
A,Dit_A_S3_08_1,-68.5,36.5,0.000109409193100873,0,0
A,Dit_A_S3_08_1,-67.5,36.5,0.000765864329878241,0,0
A,Dit_A_S3_08_1,-65.5,27.5,0.000437636772403494,0,0
A,Dit_A_S3_08_1,-66.5,26.5,0.000109409193100873,0,0
A,Dit_A_S3_08_1,-65.5,26.5,0.000218818386201747,0,0
A,Dit_A_S3_08_1,-64.5,26.5,0.000109409193100873,0,0
A,Dit_A_S3_08_1,-65.5,25.5,0.000328227557474747,0,0
A,Dit_A_S3_08_1,-64.5,25.5,0.000875273544806987,0,0
A,Dit_A_S3_08_1,-63.5,25.5,0.000109409193100873,0,0
A,Dit_A_S3_08_1,-66.5,24.5,0.000547045958228409,0,0
A,Dit_A_S3_08_1,-65.5,24.5,0.000547045958228409,0,0
A,Dit_A_S3_08_1,-64.5,24.5,0.000109409193100873,0,0
A,Dit_A_S3_08_1,-56.5,21.5,0.000218818386201747,0,0
A,Dit_A_S3_08_1,-57.5,20.5,0.000328227557474747,0,0
A,Dit_A_S3_08_1,-56.5,20.5,0.000437636772403494,0,0
A,Dit_A_S3_08_1,-57.5,19.5,0.000218818386201747,0,0
A,Dit_A_S3_08_1,-56.5,19.5,0.000218818386201747,0,0
A,Dit_A_S3_08_1,-57.5,18.5,0.000875273544806987,0,0
A,Dit_A_S3_08_1,-56.5,18.5,0.000547045958228409,0,0
A,Dit_A_S3_08_1,-57.5,17.5,0.000328227557474747,0,0
A,Dit_A_S3_08_1,-56.5,17.5,0.000218818386201747,0,0
A,Dit_A_S3_08_1,-62.5,12.5,0.000218818386201747,0,0
A,Dit_A_S3_08_1,-61.5,12.5,0.000437636772403494,0,0
A,Dit_A_S3_08_1,-60.5,12.5,0.000109409193100873,0,0
A,Dit_A_S3_08_1,-62.5,11.5,0.000218818386201747,0,0
A,Dit_A_S3_08_1,-61.5,11.5,0.00109409191645682,0.183333337306976,0.000200583522364614
A,Dit_A_S3_08_1,-60.5,11.5,0.00131291022989899,0,0
A,Dit_A_S3_08_1,-42.5,8.5,0.000547045958228409,0,0
A,Dit_A_S3_08_1,-41.5,8.5,0.000547045958228409,0,0
A,Dit_A_S3_08_1,-40.5,8.5,0.000109409193100873,0,0
A,Dit_A_S3_08_1,-43.5,7.5,0.000218818386201747,5.36902761459351,0.00117484195809796
A,Dit_A_S3_08_1,-42.5,7.5,0.000437636772403494,90.5709686279297,0.0396371863837852
A,Dit_A_S3_08_1,-41.5,7.5,0.000218818386201747,90.8154144287109,0.0198720824275334
A,Dit_A_S3_08_1,-43.5,6.5,0.000109409193100873,0,0
A,Dit_A_S3_08_1,-42.5,6.5,0.000656455114949495,0,0
A,Dit_A_S3_08_1,-41.5,6.5,0.000437636772403494,0,0
A,Dit_A_S3_08_1,-41.5,5.5,0.000109409193100873,0,0
A,Dit_A_S1_09_1,-41.5,49.5,0.000218818386201747,0,0
A,Dit_A_S1_09_1,-42.5,48.5,0.000328227557474747,0,0
A,Dit_A_S1_09_1,-41.5,48.5,0.000109409193100873,28.4844436645508,0.00311645999726579
A,Dit_A_S1_09_1,-43.5,47.5,0.000218818386201747,0,0
A,Dit_A_S1_09_1,-43.5,46.5,0.000328227557474747,33.1949996948242,0.0108955136702071
A,Dit_A_S1_09_1,-42.5,46.5,0.000109409193100873,40.2765274047852,0.00440662236426276
A,Dit_A_S1_09_1,-42.5,45.5,0.000109409193100873,108.821319580078,0.0119060527674286
A,Dit_A_S1_09_1,-42.5,44.5,0.000218818386201747,56.4100494384766,0.0123435559836882
A,Dit_A_S1_09_1,-18.5,44.5,0.000218818386201747,13.1476392745972,0.00287694520843006
A,Dit_A_S1_09_1,-45.5,43.5,0.000109409193100873,38.4817123413086,0.00421025309640249
A,Dit_A_S1_09_1,-44.5,43.5,0.00131291022989899,30.9282875061035,0.0406060650600204
A,Dit_A_S1_09_1,-43.5,43.5,0.000218818386201747,44.2439346313477,0.00968138637524707
A,Dit_A_S1_09_1,-20.5,43.5,0.000109409193100873,12.6027088165283,0.00137885220250163
A,Dit_A_S1_09_1,-19.5,43.5,0.000218818386201747,3.37208342552185,0.00073787385331035
A,Dit_A_S1_09_1,-18.5,43.5,0.000109409193100873,24.7456245422363,0.00270739881394325
A,Dit_A_S1_09_1,-17.5,43.5,0.000328227557474747,50.9085159301758,0.0167095778384259
A,Dit_A_S1_09_1,-14.5,43.5,0.000109409193100873,52.1787528991699,0.00570883525170804
A,Dit_A_S1_09_1,-13.5,43.5,0.000109409193100873,117.214073181152,0.0128242971668166
A,Dit_A_S1_09_1,-12.5,43.5,0.000218818386201747,58.2412033081055,0.0127442461183275
A,Dit_A_S1_09_1,-19.5,42.5,0.000984682701528072,32.6795845031738,0.0321790215534001
A,Dit_A_S1_09_1,-18.5,42.5,0.000547045958228409,57.9757308959961,0.0317153892619926
A,Dit_A_S1_09_1,-13.5,42.5,0.000218818386201747,14.0371179580688,0.00307157949850818
A,Dit_A_S1_09_1,-12.5,42.5,0.000218818386201747,28.3813419342041,0.0062103594402825
A,Dit_A_S1_09_1,-11.5,42.5,0.000437636772403494,21.1145820617676,0.00924051754416066
A,Dit_A_S1_09_1,-21.5,41.5,0.000218818386201747,15.9827785491943,0.0034973258091546
A,Dit_A_S1_09_1,-20.5,41.5,0.000547045958228409,24.5533332824707,0.0134318017332107
A,Dit_A_S1_09_1,-12.5,41.5,0.000437636772403494,139.117218017578,0.060882810278966
A,Dit_A_S1_09_1,-11.5,41.5,0.000328227557474747,123.466156005859,0.0405249948165993
A,Dit_A_S1_09_1,-23.5,40.5,0.000109409193100873,32.6062850952148,0.00356742734228449
A,Dit_A_S1_09_1,-22.5,40.5,0.000437636772403494,27.8937149047852,0.0122073153612734
A,Dit_A_S1_09_1,-13.5,40.5,0.000328227557474747,112.499061584473,0.0369252922020726
A,Dit_A_S1_09_1,-12.5,40.5,0.000328227557474747,82.6071472167969,0.0271139421609261
A,Dit_A_S1_09_1,-23.5,39.5,0.000328227557474747,18.5459251403809,0.00608728370993672
A,Dit_A_S1_09_1,-22.5,39.5,0.000218818386201747,13.0813426971436,0.00286243829834096
A,Dit_A_S1_09_1,-13.5,39.5,0.000328227557474747,98.6864242553711,0.0323916039892571
A,Dit_A_S1_09_1,-12.5,39.5,0.000218818386201747,124.431182861328,0.0272278306268903
A,Dit_A_S1_09_1,-23.5,38.5,0.000656455114949495,14.9681940078735,0.00982594751802496
A,Dit_A_S1_09_1,-24.5,37.5,0.000656455114949495,0,0
A,Dit_A_S1_09_1,-23.5,37.5,0.000547045958228409,0,0
A,Dit_A_S1_09_1,-24.5,36.5,0.000109409193100873,0.66652774810791,7.29242630998286e-05
A,Dit_A_S1_09_1,-23.5,36.5,0.000109409193100873,0,0
A,Dit_A_S1_09_1,-22.5,36.5,0.000109409193100873,36.6329154968262,0.00400797772544023
A,Dit_A_S1_09_1,-9.5,36.5,0.000656455114949495,86.4430541992188,0.0567459850809335
A,Dit_A_S1_09_1,-8.5,36.5,0.000218818386201747,179.299026489258,0.0392339236239236
A,Dit_A_S1_09_1,-7.5,36.5,0.00229759304784238,295.639373779297,0.679258969863788
A,Dit_A_S1_09_1,-9.5,35.5,0.000109409193100873,15.5102777481079,0.00169696697319092
A,Dit_A_S3_09_1,-65.5,39.5,0.000109409193100873,0,0
A,Dit_A_S3_09_1,-64.5,39.5,0.000328227557474747,21.1855564117432,0.00695368343476993
A,Dit_A_S3_09_1,-65.5,38.5,0.000218818386201747,0,0
A,Dit_A_S3_09_1,-63.5,38.5,0.000328227557474747,0,0
A,Dit_A_S3_09_1,-67.5,37.5,0.000218818386201747,0,0
A,Dit_A_S3_09_1,-66.5,37.5,0.000109409193100873,0,0
A,Dit_A_S3_09_1,-65.5,37.5,0.000109409193100873,0,0
A,Dit_A_S3_09_1,-64.5,37.5,0.000109409193100873,0,0
A,Dit_A_S3_09_1,-63.5,37.5,0.000328227557474747,0,0
A,Dit_A_S3_09_1,-66.5,36.5,0.000437636772403494,0,0
A,Dit_A_S3_09_1,-64.5,36.5,0.000656455114949495,0,0
A,Dit_A_S3_09_1,-63.5,36.5,0.000328227557474747,0,0
A,Dit_A_S3_09_1,-67.5,28.5,0.000218818386201747,0,0
A,Dit_A_S3_09_1,-66.5,28.5,0.000547045958228409,0,0
A,Dit_A_S3_09_1,-65.5,28.5,0.000109409193100873,0,0
A,Dit_A_S3_09_1,-68.5,27.5,0.000109409193100873,0,0
A,Dit_A_S3_09_1,-67.5,27.5,0.000547045958228409,0,0
A,Dit_A_S3_09_1,-66.5,27.5,0.000875273544806987,0,0
A,Dit_A_S3_09_1,-68.5,26.5,0.000109409193100873,0,0
A,Dit_A_S3_09_1,-67.5,26.5,0.000437636772403494,0,0
A,Dit_A_S3_09_1,-66.5,26.5,0.000109409193100873,0,0
A,Dit_A_S3_09_1,-67.5,25.5,0.000218818386201747,0,0
A,Dit_A_S3_09_1,-61.5,20.5,0.000109409193100873,0,0
A,Dit_A_S3_09_1,-60.5,20.5,0.000109409193100873,0,0
A,Dit_A_S3_09_1,-60.5,19.5,0.000218818386201747,0,0
A,Dit_A_S3_09_1,-60.5,18.5,0.000109409193100873,0,0
A,Dit_A_S3_09_1,-59.5,18.5,0.000328227557474747,0,0
A,Dit_A_S3_09_1,-58.5,18.5,0.000218818386201747,0,0
A,Dit_A_S3_09_1,-57.5,18.5,0.000547045958228409,0,0
A,Dit_A_S3_09_1,-56.5,18.5,0.000218818386201747,0,0
A,Dit_A_S3_09_1,-59.5,17.5,0.000437636772403494,0,0
A,Dit_A_S3_09_1,-58.5,17.5,0.000218818386201747,0,0
A,Dit_A_S3_09_1,-57.5,17.5,0.000437636772403494,0,0
A,Dit_A_S3_09_1,-56.5,17.5,0.000328227557474747,0,0
A,Dit_A_S3_09_1,-62.5,15.5,0.000218818386201747,0,0
A,Dit_A_S3_09_1,-63.5,14.5,0.000109409193100873,0,0
A,Dit_A_S3_09_1,-62.5,14.5,0.000437636772403494,0,0
A,Dit_A_S3_09_1,-63.5,13.5,0.000218818386201747,0,0
A,Dit_A_S3_09_1,-62.5,13.5,0.000109409193100873,0,0
A,Dit_A_S3_09_1,-64.5,12.5,0.000109409193100873,0,0
A,Dit_A_S3_09_1,-63.5,12.5,0.000875273544806987,0,0
A,Dit_A_S3_09_1,-62.5,12.5,0.000109409193100873,0,0
A,Dit_A_S3_09_1,-64.5,11.5,0.000656455114949495,0,0
A,Dit_A_S3_09_1,-63.5,11.5,0.000437636772403494,0,0
A,Dit_A_S3_09_1,-42.5,7.5,0.000437636772403494,0,0
A,Dit_A_S3_09_1,-42.5,6.5,0.000547045958228409,0,0
A,Dit_A_S3_09_1,-41.5,6.5,0.000109409193100873,0,0
A,Dit_A_S3_09_1,-44.5,5.5,0.000328227557474747,0,0
A,Dit_A_S3_09_1,-43.5,5.5,0.000765864329878241,0,0
A,Dit_A_S3_09_1,-42.5,5.5,0.000328227557474747,0,0
A,Dit_A_S3_09_1,-41.5,5.5,0.000547045958228409,0,0
A,Dit_A_S3_09_1,-43.5,4.5,0.000218818386201747,0,0
A,Dit_A_S1_10_1,-15.5,45.5,0.000109409193100873,0,0
A,Dit_A_S1_10_1,-14.5,45.5,0.000437636772403494,0,0
A,Dit_A_S1_10_1,-12.5,45.5,0.000437636772403494,0,0
A,Dit_A_S1_10_1,-16.5,44.5,0.000437636772403494,0,0
A,Dit_A_S1_10_1,-15.5,44.5,0.000328227557474747,59.1763877868652,0.0194233212234612
A,Dit_A_S1_10_1,-14.5,44.5,0.000328227557474747,52.3790969848633,0.0171922630660746
A,Dit_A_S1_10_1,-13.5,44.5,0.000109409193100873,88.7751388549805,0.00971281630954141
A,Dit_A_S1_10_1,-12.5,44.5,0.000328227557474747,27.3468742370606,0.00897599773539948
A,Dit_A_S1_10_1,-43.5,43.5,0.000109409193100873,12.0020837783813,0.00131313830172178
A,Dit_A_S1_10_1,-14.5,43.5,0.000109409193100873,76.3250885009766,0.00835066634624459
A,Dit_A_S1_10_1,-12.5,43.5,0.000437636772403494,40.4692001342773,0.0177108101285162
A,Dit_A_S1_10_1,-44.5,42.5,0.000109409193100873,82.2973937988281,0.00900409144983461
A,Dit_A_S1_10_1,-43.5,42.5,0.000218818386201747,52.5302085876465,0.0114945754699899
A,Dit_A_S1_10_1,-13.5,42.5,0.000218818386201747,65.2249984741211,0.0142724289061186
A,Dit_A_S1_10_1,-12.5,42.5,0.000109409193100873,56.8738899230957,0.00622252640499379
A,Dit_A_S1_10_1,-44.5,41.5,0.000218818386201747,140.642364501953,0.0307751352319152
A,Dit_A_S1_10_1,-43.5,41.5,0.000218818386201747,98.9666442871094,0.0216557213907076
A,Dit_A_S1_10_1,-42.5,41.5,0.000218818386201747,65.8773574829102,0.014415177051646
A,Dit_A_S1_10_1,-20.5,41.5,0.000109409193100873,158.046875,0.0172917810658646
A,Dit_A_S1_10_1,-19.5,41.5,0.000328227557474747,165.240447998047,0.0542364686424319
A,Dit_A_S1_10_1,-43.5,40.5,0.000218818386201747,144.057769775391,0.0315224887020738
A,Dit_A_S1_10_1,-42.5,40.5,0.000109409193100873,96.546028137207,0.010563023035586
A,Dit_A_S1_10_1,-21.5,40.5,0.000437636772403494,82.1483306884766,0.0359511303008397
A,Dit_A_S1_10_1,-20.5,40.5,0.000656455114949495,130.230255126953,0.085490317099266
A,Dit_A_S1_10_1,-19.5,40.5,0.000437636772403494,223.504028320313,0.0978135815732806
A,Dit_A_S1_10_1,-18.5,40.5,0.000109409193100873,238.165557861328,0.0260575015100273
A,Dit_A_S1_10_1,-42.5,39.5,0.000218818386201747,69.0233001708984,0.0151035671537147
A,Dit_A_S1_10_1,-41.5,39.5,0.000109409193100873,75.2593612670898,0.00823406598951942
A,Dit_A_S1_10_1,-22.5,39.5,0.000328227557474747,19.5380840301514,0.00641293759895295
A,Dit_A_S1_10_1,-21.5,39.5,0.00131291022989899,44.546573638916,0.0584856522374815
A,Dit_A_S1_10_1,-20.5,39.5,0.000437636772403494,51.5795135498047,0.0225730918320788
A,Dit_A_S1_10_1,-19.5,39.5,0.000218818386201747,109.919227600098,0.0240523479959959
A,Dit_A_S1_10_1,-41.5,38.5,0.000218818386201747,177.379760742188,0.0388139529904574
A,Dit_A_S1_10_1,-40.5,38.5,0.000328227557474747,113.03539276123,0.0371013308742174
A,Dit_A_S1_10_1,-23.5,38.5,0.000109409193100873,9.48213005065918,0.00103743219772016
A,Dit_A_S1_10_1,-22.5,38.5,0.000328227557474747,44.802848815918,0.0147055296347591
A,Dit_A_S1_10_1,-21.5,38.5,0.00153172865975648,54.3300704956055,0.0832189260647089
A,Dit_A_S1_10_1,-20.5,38.5,0.000218818386201747,35.208610534668,0.00770429133760187
A,Dit_A_S1_10_1,-41.5,37.5,0.000109409193100873,84.7316665649414,0.00927042326896249
A,Dit_A_S1_10_1,-39.5,37.5,0.000218818386201747,81.368278503418,0.0178048753901322
A,Dit_A_S1_10_1,-22.5,37.5,0.000109409193100873,89.6738891601563,0.00981114785522985
A,Dit_A_S1_10_1,-21.5,37.5,0.000109409193100873,29.8740749359131,0.00326849843337328
A,Dit_A_S1_10_1,-40.5,36.5,0.000109409193100873,132.907867431641,0.0145413425324537
A,Dit_A_S1_10_1,-39.5,36.5,0.000218818386201747,119.831474304199,0.026221329823421
A,Dit_A_S1_10_1,-13.5,36.5,0.000109409193100873,46.5737037658691,0.00509559134874285
A,Dit_A_S1_10_1,-12.5,36.5,0.000547045958228409,130.535278320313,0.0714087964113475
A,Dit_A_S1_10_1,-11.5,36.5,0.000109409193100873,143.131286621094,0.0156598785767037
A,Dit_A_S1_10_1,-10.5,36.5,0.000437636772403494,288.941192626953,0.126451290955676
A,Dit_A_S1_10_1,-9.5,36.5,0.000328227557474747,158.858306884766,0.0521416740533605
A,Dit_A_S1_10_1,-40.5,35.5,0.000437636772403494,57.1521110534668,0.0250118654174852
A,Dit_A_S1_10_1,-12.5,35.5,0.000437636772403494,46.4234237670898,0.0203165973413488
A,Dit_A_S1_10_1,-10.5,35.5,0.000328227557474747,149.222366333008,0.0489788928220851
A,Dit_A_S1_10_1,-11.5,34.5,0.000328227557474747,0,0
A,Dit_A_S1_10_1,-10.5,34.5,0.000109409193100873,0,0
A,Dit_A_S1_10_1,-11.5,33.5,0.000328227557474747,0,0
A,Dit_A_S1_10_1,-10.5,33.5,0.000328227557474747,0,0
A,Dit_A_S3_10_1,-60.5,38.5,0.000109409193100873,0,0
A,Dit_A_S3_10_1,-63.5,37.5,0.000109409193100873,0,0
A,Dit_A_S3_10_1,-62.5,37.5,0.000437636772403494,0,0
A,Dit_A_S3_10_1,-61.5,37.5,0.000218818386201747,0,0
A,Dit_A_S3_10_1,-60.5,37.5,0.000328227557474747,0,0
A,Dit_A_S3_10_1,-59.5,37.5,0.00131291022989899,0,0
A,Dit_A_S3_10_1,-58.5,37.5,0.000109409193100873,0,0
A,Dit_A_S3_10_1,-59.5,36.5,0.000437636772403494,0,0
A,Dit_A_S3_10_1,-58.5,36.5,0.000328227557474747,0,0
A,Dit_A_S3_10_1,-68.5,30.5,0.000218818386201747,0,0
A,Dit_A_S3_10_1,-67.5,30.5,0.000656455114949495,0,0
A,Dit_A_S3_10_1,-66.5,30.5,0.000218818386201747,0,0
A,Dit_A_S3_10_1,-69.5,29.5,0.000437636772403494,0,0
A,Dit_A_S3_10_1,-68.5,29.5,0.000328227557474747,0,0
A,Dit_A_S3_10_1,-70.5,28.5,0.000218818386201747,0,0
A,Dit_A_S3_10_1,-69.5,28.5,0.000875273544806987,0,0
A,Dit_A_S3_10_1,-68.5,28.5,0.000109409193100873,0,0
A,Dit_A_S3_10_1,-67.5,28.5,0.000218818386201747,11.8758335113525,0.00259865072375479
A,Dit_A_S3_10_1,-68.5,27.5,0.000109409193100873,0,0
A,Dit_A_S3_10_1,-60.5,20.5,0.000328227557474747,0,0
A,Dit_A_S3_10_1,-59.5,20.5,0.000109409193100873,0,0
A,Dit_A_S3_10_1,-60.5,19.5,0.00142231944482774,0,0
A,Dit_A_S3_10_1,-59.5,19.5,0.000218818386201747,0,0
A,Dit_A_S3_10_1,-60.5,18.5,0.000437636772403494,0,0
A,Dit_A_S3_10_1,-61.5,17.5,0.000547045958228409,0,0
A,Dit_A_S3_10_1,-61.5,16.5,0.000328227557474747,0,0
A,Dit_A_S3_10_1,-61.5,15.5,0.000656455114949495,0,0
A,Dit_A_S3_10_1,-63.5,14.5,0.000109409193100873,0,0
A,Dit_A_S3_10_1,-62.5,14.5,0.000984682701528072,0,0
A,Dit_A_S3_10_1,-61.5,14.5,0.000875273544806987,0,0
A,Dit_A_S3_10_1,-62.5,13.5,0.000328227557474747,0,0
A,Dit_A_S3_10_1,-61.5,13.5,0.000437636772403494,0,0
A,Dit_A_S3_10_1,-43.5,6.5,0.000218818386201747,0,0
A,Dit_A_S3_10_1,-42.5,6.5,0.00142231944482774,0,0
A,Dit_A_S3_10_1,-41.5,6.5,0.000328227557474747,0,0
A,Dit_A_S3_10_1,-43.5,5.5,0.000218818386201747,0,0
A,Dit_A_S3_10_1,-42.5,5.5,0.000109409193100873,0,0
A,Dit_A_S3_10_1,-44.5,4.5,0.000328227557474747,0,0
A,Dit_A_S3_10_1,-43.5,4.5,0.000656455114949495,0,0
A,Dit_A_S3_10_1,-42.5,4.5,0.000109409193100873,0,0
A,Dit_A_S1_11_1,-17.5,45.5,0.000547045958228409,0,0
A,Dit_A_S1_11_1,-17.5,44.5,0.000437636772403494,0,0
A,Dit_A_S1_11_1,-16.5,44.5,0.000437636772403494,0,0
A,Dit_A_S1_11_1,-17.5,43.5,0.000765864329878241,115.56485748291,0.0885070021336234
A,Dit_A_S1_11_1,-16.5,43.5,0.000875273544806987,63.9749526977539,0.0559955836266224
A,Dit_A_S1_11_1,-15.5,43.5,0.000109409193100873,1.55541670322418,0.000170176886435378
A,Dit_A_S1_11_1,-23.5,42.5,0.000328227557474747,12.7819452285767,0.00419538666215172
A,Dit_A_S1_11_1,-18.5,42.5,0.000218818386201747,93.8869781494141,0.0205441970440134
A,Dit_A_S1_11_1,-17.5,42.5,0.000547045958228409,143.710983276367,0.0786165125543672
A,Dit_A_S1_11_1,-16.5,42.5,0.000437636772403494,99.1860656738281,0.0434074696488951
A,Dit_A_S1_11_1,-15.5,42.5,0.000218818386201747,28.7993984222412,0.00630183788633595
A,Dit_A_S1_11_1,-23.5,41.5,0.000328227557474747,120.490661621094,0.0395483555624079
A,Dit_A_S1_11_1,-22.5,41.5,0.000328227557474747,212.261688232422,0.0696701354739941
A,Dit_A_S1_11_1,-19.5,41.5,0.000109409193100873,123.152946472168,0.0134740645015149
A,Dit_A_S1_11_1,-18.5,41.5,0.000656455114949495,85.4055862426758,0.0560649339342647
A,Dit_A_S1_11_1,-17.5,41.5,0.000547045958228409,59.632453918457,0.0326216928953338
A,Dit_A_S1_11_1,-16.5,41.5,0.000109409193100873,61.6984024047852,0.00675037242272053
A,Dit_A_S1_11_1,-22.5,40.5,0.000218818386201747,99.072135925293,0.0216788049007327
A,Dit_A_S1_11_1,-19.5,40.5,0.000656455114949495,247.331069946289,0.162361745952173
A,Dit_A_S1_11_1,-18.5,40.5,0.000109409193100873,122.910278320313,0.0134475143748292
A,Dit_A_S1_11_1,-17.5,40.5,0.000328227557474747,76.1110382080078,0.0249817401678816
A,Dit_A_S1_11_1,-16.5,40.5,0.000109409193100873,51.3800354003906,0.00562144821465105
A,Dit_A_S1_11_1,-22.5,39.5,0.000218818386201747,70.6105270385742,0.0154508815754356
A,Dit_A_S1_11_1,-21.5,39.5,0.000328227557474747,45.4827766418457,0.0149287006843225
A,Dit_A_S1_11_1,-20.5,39.5,0.000218818386201747,58.6259460449219,0.0128284349031005
A,Dit_A_S1_11_1,-19.5,39.5,0.000656455114949495,104.611320495605,0.0686726364209611
A,Dit_A_S1_11_1,-14.5,37.5,0.000218818386201747,201.962417602539,0.0441930902931909
A,Dit_A_S1_11_1,-13.5,37.5,0.000328227557474747,151.470077514648,0.0497166535731437
A,Dit_A_S1_11_1,-12.5,37.5,0.00109409191645682,190.302673339844,0.208208616581246
A,Dit_A_S1_11_1,-43.5,36.5,0.000218818386201747,60.2245292663574,0.0131782343038242
A,Dit_A_S1_11_1,-42.5,36.5,0.000328227557474747,62.3080558776856,0.0204512209917328
A,Dit_A_S1_11_1,-41.5,36.5,0.000109409193100873,108.411804199219,0.0118612480200464
A,Dit_A_S1_11_1,-40.5,36.5,0.000328227557474747,36.0426750183106,0.0118301991861162
A,Dit_A_S1_11_1,-39.5,36.5,0.000218818386201747,32.2564582824707,0.00705830614595421
A,Dit_A_S1_11_1,-13.5,36.5,0.000328227557474747,66.96826171875,0.0219808289722749
A,Dit_A_S1_11_1,-12.5,36.5,0.000765864329878241,163.428771972656,0.125164266929662
A,Dit_A_S1_11_1,-11.5,36.5,0.000218818386201747,288.369445800781,0.063100536760019
A,Dit_A_S1_11_1,-43.5,35.5,0.000765864329878241,46.234073638916,0.0354090278250097
A,Dit_A_S1_11_1,-42.5,35.5,0.000437636772403494,106.216247558594,0.0464841357583534
A,Dit_A_S1_11_1,-40.5,35.5,0.000109409193100873,69.8350677490234,0.00764059841256548
A,Dit_A_S1_11_1,-39.5,35.5,0.000109409193100873,48.3080825805664,0.00528534833539013
A,Dit_A_S1_11_1,-12.5,35.5,0.000328227557474747,13.5588884353638,0.00445040083321205
A,Dit_A_S1_11_1,-43.5,34.5,0.000328227557474747,49.8076400756836,0.016348240045623
A,Dit_A_S1_11_1,-42.5,34.5,0.000109409193100873,64.5973663330078,0.00706754572693591
A,Dit_A_S1_11_1,-42.5,33.5,0.000218818386201747,70.2462463378906,0.0153711702603876
A,Dit_A_S3_11_1,-59.5,39.5,0.000218818386201747,0,0
A,Dit_A_S3_11_1,-59.5,38.5,0.000547045958228409,0,0
A,Dit_A_S3_11_1,-60.5,37.5,0.000218818386201747,0,0
A,Dit_A_S3_11_1,-58.5,37.5,0.000437636772403494,0,0
A,Dit_A_S3_11_1,-57.5,37.5,0.000109409193100873,0,0
A,Dit_A_S3_11_1,-59.5,36.5,0.000328227557474747,0,0
A,Dit_A_S3_11_1,-58.5,36.5,0.000765864329878241,0,0
A,Dit_A_S3_11_1,-57.5,36.5,0.000109409193100873,0,0
A,Dit_A_S3_11_1,-56.5,36.5,0.000218818386201747,0,0
A,Dit_A_S3_11_1,-55.5,36.5,0.000109409193100873,12.2119445800781,0.00133609900269893
A,Dit_A_S3_11_1,-58.5,35.5,0.000109409193100873,0,0
A,Dit_A_S3_11_1,-55.5,35.5,0.000109409193100873,7.98027801513672,0.000873115778356748
A,Dit_A_S3_11_1,-68.5,30.5,0.000109409193100873,0,0
A,Dit_A_S3_11_1,-67.5,30.5,0.000547045958228409,0,0
A,Dit_A_S3_11_1,-66.5,30.5,0.000547045958228409,0,0
A,Dit_A_S3_11_1,-66.5,29.5,0.000656455114949495,0,0
A,Dit_A_S3_11_1,-65.5,29.5,0.000109409193100873,0,0
A,Dit_A_S3_11_1,-65.5,28.5,0.000547045958228409,0,0
A,Dit_A_S3_11_1,-64.5,28.5,0.000547045958228409,0,0
A,Dit_A_S3_11_1,-64.5,27.5,0.000218818386201747,0,0
A,Dit_A_S3_11_1,-61.5,16.5,0.000218818386201747,0,0
A,Dit_A_S3_11_1,-64.5,15.5,0.000218818386201747,0,0
A,Dit_A_S3_11_1,-63.5,15.5,0.000437636772403494,0,0
A,Dit_A_S3_11_1,-62.5,15.5,0.000437636772403494,0,0
A,Dit_A_S3_11_1,-61.5,15.5,0.000875273544806987,0,0
A,Dit_A_S3_11_1,-60.5,15.5,0.000218818386201747,0,0
A,Dit_A_S3_11_1,-64.5,14.5,0.000109409193100873,0,0
A,Dit_A_S3_11_1,-63.5,14.5,0.000109409193100873,0,0
A,Dit_A_S3_11_1,-62.5,14.5,0.000547045958228409,0,0
A,Dit_A_S3_11_1,-61.5,14.5,0.000875273544806987,0,0
A,Dit_A_S3_11_1,-62.5,13.5,0.000437636772403494,0,0
A,Dit_A_S3_11_1,-61.5,13.5,0.000437636772403494,0,0
A,Dit_A_S3_11_1,-60.5,13.5,0.000109409193100873,0,0
A,Dit_A_S3_11_1,-61.5,12.5,0.000328227557474747,0,0
A,Dit_A_S3_11_1,-60.5,12.5,0.000765864329878241,0,0
A,Dit_A_S3_11_1,-59.5,12.5,0.000109409193100873,0,0
A,Dit_A_S3_11_1,-60.5,11.5,0.000109409193100873,0,0
A,Dit_A_S3_11_1,-59.5,11.5,0.000218818386201747,0,0
A,Dit_A_S3_11_1,-45.5,8.5,0.000218818386201747,0,0
A,Dit_A_S3_11_1,-44.5,8.5,0.000875273544806987,0,0
A,Dit_A_S3_11_1,-45.5,7.5,0.000109409193100873,0,0
A,Dit_A_S3_11_1,-44.5,7.5,0.000765864329878241,0,0
A,Dit_A_S3_11_1,-42.5,7.5,0.000109409193100873,0,0
A,Dit_A_S3_11_1,-41.5,7.5,0.000328227557474747,0,0
A,Dit_A_S3_11_1,-43.5,6.5,0.000328227557474747,0,0
A,Dit_A_S3_11_1,-42.5,6.5,0.000218818386201747,0,0
A,Dit_A_S3_11_1,-41.5,6.5,0.000109409193100873,0,0
A,Dit_A_S3_11_1,-43.5,5.5,0.000109409193100873,0,0
A,Dit_A_S3_11_1,-42.5,5.5,0.000109409193100873,0,0
A,Dit_A_S1_12_1,-22.5,43.5,0.000328227557474747,9.33944511413574,0.00306546325798224
A,Dit_A_S1_12_1,-20.5,43.5,0.000109409193100873,65.9861831665039,0.00721949505605363
A,Dit_A_S1_12_1,-23.5,42.5,0.000218818386201747,76.6260681152344,0.0167671925659607
A,Dit_A_S1_12_1,-22.5,42.5,0.000765864329878241,138.920867919922,0.106394537415595
A,Dit_A_S1_12_1,-21.5,42.5,0.000437636772403494,162.19596862793,0.0709829202071854
A,Dit_A_S1_12_1,-20.5,42.5,0.000218818386201747,134.725692749023,0.0294804586672537
A,Dit_A_S1_12_1,-17.5,42.5,0.000437636772403494,53.216724395752,0.0232895955024431
A,Dit_A_S1_12_1,-22.5,41.5,0.000765864329878241,237.572128295898,0.181948018835086
A,Dit_A_S1_12_1,-21.5,41.5,0.000218818386201747,141.996810913086,0.0310715130097961
A,Dit_A_S1_12_1,-20.5,41.5,0.000109409193100873,149.265533447266,0.0163310215722368
A,Dit_A_S1_12_1,-17.5,41.5,0.000328227557474747,97.1390228271484,0.0318837041980387
A,Dit_A_S1_12_1,-16.5,41.5,0.000328227557474747,68.7712478637695,0.0225726187108155
A,Dit_A_S1_12_1,-14.5,41.5,0.000109409193100873,30.891529083252,0.00337981727065076
A,Dit_A_S1_12_1,-22.5,40.5,0.000218818386201747,84.0861663818359,0.0183995992295649
A,Dit_A_S1_12_1,-20.5,40.5,0.000218818386201747,116.744300842285,0.0255457995085601
A,Dit_A_S1_12_1,-19.5,40.5,0.000109409193100873,201.009475708008,0.0219922845428427
A,Dit_A_S1_12_1,-17.5,40.5,0.000328227557474747,67.9877777099609,0.0223154622158765
A,Dit_A_S1_12_1,-15.5,40.5,0.000328227557474747,66.1492385864258,0.0217120030100368
A,Dit_A_S1_12_1,-14.5,40.5,0.000218818386201747,42.5321502685547,0.00930681648345533
A,Dit_A_S1_12_1,-13.5,40.5,0.000109409193100873,16.98118019104,0.00185789722260223
A,Dit_A_S1_12_1,-20.5,39.5,0.000437636772403494,106.523307800293,0.0466185166114641
A,Dit_A_S1_12_1,-19.5,39.5,0.000547045958228409,89.5167770385742,0.0489697910725857
A,Dit_A_S1_12_1,-18.5,39.5,0.000328227557474747,87.0413513183594,0.0285693701425265
A,Dit_A_S1_12_1,-15.5,39.5,0.000218818386201747,40.5108337402344,0.00886451526272536
A,Dit_A_S1_12_1,-14.5,39.5,0.000437636772403494,37.79736328125,0.0165415160717686
A,Dit_A_S1_12_1,-13.5,39.5,0.000109409193100873,62.9647903442383,0.00688892690532877
A,Dit_A_S1_12_1,-10.5,39.5,0.000109409193100873,89.2580947875977,0.00976565612843233
A,Dit_A_S1_12_1,-22.5,38.5,0.000109409193100873,46.7396125793457,0.00511374329815364
A,Dit_A_S1_12_1,-21.5,38.5,0.000328227557474747,76.1341323852539,0.0249893203132709
A,Dit_A_S1_12_1,-20.5,38.5,0.000218818386201747,71.3564453125,0.0156141022083744
A,Dit_A_S1_12_1,-16.5,38.5,0.000328227557474747,101.579917907715,0.0333413283433346
A,Dit_A_S1_12_1,-15.5,38.5,0.000437636772403494,80.1605224609375,0.0350811923239824
A,Dit_A_S1_12_1,-13.5,38.5,0.000437636772403494,100.986999511719,0.0441956245210218
A,Dit_A_S1_12_1,-12.5,38.5,0.000437636772403494,107.117080688477,0.0468783734617895
A,Dit_A_S1_12_1,-11.5,38.5,0.000547045958228409,101.227920532227,0.0553763247870212
A,Dit_A_S1_12_1,-10.5,38.5,0.000109409193100873,133.06413269043,0.0145584393883275
A,Dit_A_S1_12_1,-9.5,38.5,0.000656455114949495,21.5913887023926,0.0141737775525483
A,Dit_A_S1_12_1,-22.5,37.5,0.000109409193100873,23.4045829772949,0.00256067653840827
A,Dit_A_S1_12_1,-16.5,37.5,0.000328227557474747,97.1967468261719,0.0319026508052458
A,Dit_A_S1_12_1,-15.5,37.5,0.000328227557474747,176.663955688477,0.0579859786694557
A,Dit_A_S1_12_1,-12.5,37.5,0.000437636772403494,155.407745361328,0.0680121440864356
A,Dit_A_S1_12_1,-11.5,37.5,0.000437636772403494,99.6056213378906,0.043591082635559
A,Dit_A_S1_12_1,-12.5,36.5,0.000218818386201747,250.021636962891,0.0547093311157387
A,Dit_A_S1_12_1,-43.5,35.5,0.000328227557474747,28.0520839691162,0.00920746700325953
A,Dit_A_S1_12_1,-44.5,34.5,0.000437636772403494,47.8991928100586,0.0209624481421267
A,Dit_A_S1_12_1,-43.5,34.5,0.000875273544806987,55.0271377563477,0.0481637979245808
A,Dit_A_S1_12_1,-42.5,34.5,0.000109409193100873,20.3860416412354,0.00223042036648836
A,Dit_A_S1_12_1,-43.5,33.5,0.000437636772403494,57.5750274658203,0.0251969491911841
A,Dit_A_S1_12_1,-42.5,33.5,0.000218818386201747,27.7466106414795,0.00607146856313676
A,Dit_A_S1_12_1,-43.5,32.5,0.000109409193100873,53.0596160888672,0.00580520978252508
A,Dit_A_S1_12_1,-42.5,32.5,0.000328227557474747,31.6797218322754,0.0103981577184872
A,Dit_A_S1_12_1,-43.5,31.5,0.000109409193100873,55.7302780151367,0.00609740474892345
A,Dit_A_S1_12_1,-42.5,31.5,0.000437636772403494,134.706481933594,0.0589525099752475
A,Dit_A_S3_12_1,-55.5,37.5,0.000218818386201747,0,0
A,Dit_A_S3_12_1,-57.5,36.5,0.000218818386201747,0,0
A,Dit_A_S3_12_1,-56.5,36.5,0.000765864329878241,0,0
A,Dit_A_S3_12_1,-55.5,36.5,0.000437636772403494,0,0
A,Dit_A_S3_12_1,-54.5,36.5,0.000109409193100873,0,0
A,Dit_A_S3_12_1,-57.5,35.5,0.000218818386201747,0,0
A,Dit_A_S3_12_1,-55.5,35.5,0.000328227557474747,7.4876389503479,0.00245764944392547
A,Dit_A_S3_12_1,-54.5,35.5,0.000109409193100873,104.354721069336,0.0114173658284628
A,Dit_A_S3_12_1,-53.5,35.5,0.000109409193100873,110.452499389648,0.0120845188341961
A,Dit_A_S3_12_1,-55.5,34.5,0.000109409193100873,4.87624979019165,0.000533506554903172
A,Dit_A_S3_12_1,-54.5,34.5,0.000218818386201747,23.729305267334,0.00519240828428663
A,Dit_A_S3_12_1,-53.5,34.5,0.000218818386201747,106.212707519531,0.023241293253542
A,Dit_A_S3_12_1,-55.5,33.5,0.000328227557474747,6.67374992370606,0.00219050863665532
A,Dit_A_S3_12_1,-61.5,29.5,0.000437636772403494,0,0
A,Dit_A_S3_12_1,-63.5,28.5,0.000328227557474747,0,0
A,Dit_A_S3_12_1,-62.5,28.5,0.000218818386201747,0,0
A,Dit_A_S3_12_1,-61.5,28.5,0.000218818386201747,0,0
A,Dit_A_S3_12_1,-64.5,27.5,0.000328227557474747,0,0
A,Dit_A_S3_12_1,-63.5,27.5,0.000547045958228409,0,0
A,Dit_A_S3_12_1,-65.5,26.5,0.000328227557474747,19.9125003814697,0.00653583136342478
A,Dit_A_S3_12_1,-64.5,26.5,0.000765864329878241,0,0
A,Dit_A_S3_12_1,-65.5,25.5,0.000109409193100873,17.799861907959,0.00194746852865676
A,Dit_A_S3_12_1,-64.5,25.5,0.000109409193100873,0,0
A,Dit_A_S3_12_1,-61.5,16.5,0.000218818386201747,0,0
A,Dit_A_S3_12_1,-60.5,16.5,0.000218818386201747,0,0
A,Dit_A_S3_12_1,-61.5,15.5,0.00120350113138556,0,0
A,Dit_A_S3_12_1,-60.5,15.5,0.000437636772403494,0,0
A,Dit_A_S3_12_1,-61.5,14.5,0.000984682701528072,0,0
A,Dit_A_S3_12_1,-60.5,14.5,0.000328227557474747,0,0
A,Dit_A_S3_12_1,-60.5,13.5,0.000875273544806987,0,0
A,Dit_A_S3_12_1,-59.5,13.5,0.000328227557474747,0,0
A,Dit_A_S3_12_1,-60.5,12.5,0.00120350113138556,0,0
A,Dit_A_S3_12_1,-59.5,12.5,0.000875273544806987,0,0
A,Dit_A_S3_12_1,-59.5,11.5,0.000109409193100873,0,0
A,Dit_A_S3_12_1,-47.5,10.5,0.000109409193100873,0,0
A,Dit_A_S3_12_1,-47.5,9.5,0.000218818386201747,43.0352783203125,0.0094169101517938
A,Dit_A_S3_12_1,-45.5,9.5,0.000109409193100873,0,0
A,Dit_A_S3_12_1,-47.5,8.5,0.000547045958228409,0,0
A,Dit_A_S3_12_1,-46.5,8.5,0.000875273544806987,0,0
A,Dit_A_S3_12_1,-45.5,8.5,0.000109409193100873,0,0
A,Dit_A_S3_12_1,-47.5,7.5,0.000437636772403494,0,0
A,Dit_A_S3_12_1,-46.5,7.5,0.000328227557474747,0,0
A,Dit_A_S3_12_1,-45.5,7.5,0.000328227557474747,17.8947219848633,0.00587354088878134
A,Dit_A_S3_12_1,-44.5,7.5,0.000328227557474747,283.525848388672,0.0930609966975693
