date,x,y,effort,nsets,cpue,FEI
2013-03,-20.5,23.5,53.5493049621582,13,119.538459777832,0.00066732510458678
2013-04,-20.5,23.5,11.3518056869507,3,736.333312988281,0.000144608522532508
2013-04,-20.5,22.5,63.3116683959961,2,618.5,0.00331235327757895
2013-04,-21.5,18.5,7.19680547714233,4,1989.75,0.000208921774174087
2013-05,-61.5,38.5,38.727222442627,2,354,0.000250378740020096
2013-05,-58.5,38.5,28.6180553436279,2,1188.5,0.000185021082870662
2013-05,-57.5,38.5,74.701530456543,4,582.5,0.000488468387629837
2013-05,-56.5,38.5,87.2558364868164,8,1229.625,0.0005727379466407
2013-05,-50.5,38.5,116.789169311523,12,1353.08337402344,0.0007907361141406
2013-05,-49.5,38.5,165.223327636719,10,2254.39990234375,0.00113203632645309
2013-05,-55.5,37.5,35.5491676330566,4,659.5,0.00023513582709711
2013-05,-54.5,37.5,24.9966659545898,2,1050,0.000165337536600418
2013-05,-53.5,37.5,15.899582862854,2,1791,0.000333844684064388
2013-05,-52.5,37.5,52.1784706115723,2,2441,0.000724233337678015
2013-05,-51.5,37.5,53.9555549621582,9,2321.66674804688,0.00111669441685081
2013-05,-50.5,37.5,62.5601387023926,7,2053.42846679688,0.000425245671067387
2013-05,-49.5,37.5,150.069580078125,15,2651.53344726562,0.00102820969186723
2013-06,-53.5,39.5,11.3654165267944,2,2842,5.44444519618992e-05
2013-07,-42.5,45.5,393.495147705078,38,1314.73681640625,0.002434205962345
2013-07,-43.5,44.5,98.700553894043,2,1520,0.000896712474059314
2013-07,-47.5,43.5,63.7411117553711,9,1527.55554199219,0.00137388543225825
2013-07,-46.5,43.5,155.635971069336,13,1361.61535644531,0.00442881789058447
2013-07,-45.5,43.5,186.952911376953,15,712.266662597656,0.00108986557461321
2013-07,-44.5,43.5,594.55859375,22,618,0.00354543421417475
2013-07,-43.5,43.5,446.601379394531,22,936.454528808594,0.00403368193656206
2013-07,-48.5,42.5,146.041946411133,24,1545.45837402344,0.000756488356273621
2013-07,-47.5,42.5,458.260284423828,30,2164.53344726562,0.00238814693875611
2013-07,-45.5,42.5,114.122497558594,16,1077.25,0.000688635045662522
2013-07,-49.5,41.5,110.583610534668,15,1101.06665039062,0.00113203434739262
2013-07,-48.5,41.5,194.508895874023,10,950.700012207031,0.00100754422601312
2013-07,-47.5,41.5,61.3898620605469,9,365.111114501953,0.000367855682270601
2013-07,-45.5,41.5,259.436798095703,12,908.25,0.00155457761138678
2013-07,-51.5,40.5,41.6963882446289,6,1055,0.000206648226594552
2013-07,-50.5,40.5,80.9237518310547,5,1066.40002441406,0.000406923383707181
2013-07,-49.5,40.5,123.023056030273,6,872.166687011719,0.000732067972421646
2013-07,-48.5,40.5,37.8322219848633,2,576.5,0.000225908239372075
2013-07,8.5,-26.5,358.697357177734,60,776.666687011719,0.0411244072020054
2013-07,9.5,-26.5,18.3222217559814,2,432.5,0.000525157549418509
2013-07,8.5,-27.5,301.256958007812,27,856.296325683594,0.0172694511711597
2013-07,9.5,-28.5,51.1368064880371,4,1612.5,0.00146569998469204
2013-07,10.5,-29.5,28.9311103820801,6,631.833312988281,0.000829233031254262
2013-08,-39.5,48.5,68.3151397705078,10,2247,0.00132350530475378
2013-08,-40.5,47.5,90.8677749633789,6,690,0.000576638092752546
2013-08,-38.5,47.5,240.561248779297,16,2009.0625,0.00157901819329709
2013-08,-37.5,47.5,9.76986122131348,5,4036,0.000129243213450536
2013-08,-41.5,46.5,53.5588874816895,8,617.5,0.000697563169524074
2013-08,-39.5,46.5,48.4120826721191,2,570,0.000326494831824675
2013-08,-38.5,46.5,57.5743064880371,12,1137.75,0.000383770646294579
2013-08,-43.5,45.5,165.231109619141,20,581.900024414062,0.00102954532485455
2013-08,-42.5,45.5,100.261108398438,16,1140.125,0.000624721054919064
2013-08,-44.5,44.5,135.927505493164,6,990,0.000865777547005564
2013-09,-41.5,46.5,36.8886108398438,3,640,0.00031878799200058
2013-09,-46.5,43.5,22.6744441986084,2,700,0.00018837749667
2013-10,-55.5,42.5,241.575836181641,15,2759.66674804688,0.00504095107316971
2013-10,-54.5,42.5,1631.78625488281,46,3162.54345703125,0.0160615257918835
2013-10,-53.5,42.5,291.160278320312,15,1799.46667480469,0.00227610534057021
2013-10,-52.5,42.5,303.239868164062,38,2754.07885742188,0.0143751092255116
2013-10,-56.5,41.5,159.141250610352,12,3098.5,0.00321989413350821
2013-10,-55.5,41.5,403.764862060547,20,4055.64990234375,0.00408453214913607
2013-10,-54.5,41.5,683.714416503906,49,2419.65307617188,0.0114664882421494
2013-10,-56.5,40.5,79.0805587768555,6,2202.33325195312,0.000795309839304537
2013-10,-55.5,40.5,76.5405578613281,4,2232,0.00215289741754532
2013-10,-40.5,39.5,60.0061111450195,4,1368,0.00056700489949435
2013-10,-50.5,38.5,40.3691673278809,4,787.75,0.000332191557390615
2013-10,-48.5,38.5,10.5152778625488,2,661,4.55504814453889e-05
2013-11,-55.5,42.5,745.190856933594,32,2773.0625,0.0463358946144581
2013-11,-54.5,42.5,318.814575195312,21,2425.33325195312,0.010263011790812
2013-11,-53.5,42.5,51.1013870239258,2,874,0.00143596215639263
2013-11,-54.5,40.5,38.9270820617676,2,1323.5,0.00033472225186415
2013-11,-44.5,40.5,50.0618057250977,2,1070,0.00116443517617881
2013-11,-43.5,40.5,13.0886106491089,2,500,0.000568974821362644
2013-11,-53.5,39.5,11.0984725952148,10,1613.69995117188,9.4957635155879e-05
2013-11,-44.5,39.5,5.76138877868652,4,572.5,3.3248623367399e-05
2013-11,-48.5,38.5,25.5719451904297,8,964.125,0.000112761772470549
2013-11,-47.5,38.5,116.165000915527,6,789.166687011719,0.00325840292498469
2013-11,-47.5,37.5,64.7941665649414,8,746,0.000953375012613833
2013-11,-46.5,37.5,7.70180559158325,2,230,4.11338551202789e-05
2013-11,-45.5,37.5,30.0566673278809,2,623.5,0.000323566637234762
2013-11,-47.5,36.5,165.976943969727,19,707.789489746094,0.000834611535537988
2013-11,-46.5,36.5,48.0769462585449,8,420.125,0.00149361905641854
2013-12,-55.5,42.5,34.1718063354492,4,1813.25,0.000518913031555712
2013-12,-55.5,40.5,103.783470153809,6,4312.83349609375,0.00176713429391384
2013-12,-54.5,39.5,90.4997253417969,10,3139.39990234375,0.0015563596971333
2013-12,-46.5,38.5,54.3266677856445,2,1705,0.00190688692964613
2013-12,-48.5,37.5,65.5126419067383,13,1885.23071289062,0.00124837190378457
2013-12,-47.5,35.5,27.8786106109619,2,1344.5,0.000815687468275428
2013-12,-47.5,34.5,204.217910766602,23,849.739135742188,0.00404846761375666
2013-12,-47.5,33.5,86.8584747314453,14,1067.5,0.00175220251549035
2013-12,-47.5,32.5,62.5701370239258,3,736,0.00383240636438131
2013-12,-47.5,31.5,27.4361114501953,2,1054.5,0.00056170200696215
2013-12,-46.5,31.5,2.28013896942139,2,599,4.5597418647958e-05
2014-01,-7.5,44.5,5.91708326339722,4,1723.75,0.00013468085671775
2014-01,-46.5,34.5,66.9706954956055,2,1246.5,0.000992863555438817
2014-01,-48.5,33.5,58.7174987792969,4,1459.25,0.00563722848892212
2014-01,-47.5,33.5,49.1656951904297,2,1575,0.00210108119063079
2014-01,-46.5,33.5,91.8511123657227,2,3000,0.00654196366667747
2014-01,-45.5,33.5,135.059173583984,6,1669.83337402344,0.00492200581356883
2014-01,-47.5,32.5,32.8498611450195,2,1200,0.000504403666127473
2014-01,-46.5,32.5,99.3677749633789,4,1125,0.0046049035154283
2014-02,-46.5,38.5,35.0662498474121,4,1768,0.000317393831210211
2014-02,-46.5,37.5,118.742362976074,8,1510.5,0.00109201052691787
2014-02,-51.5,36.5,96.630973815918,4,2958.5,0.00479365745559335
2014-02,-46.5,36.5,49.1661109924316,6,1574.5,0.000457042799098417
2014-02,-19.5,36.5,15.1184720993042,2,100,0.00028415973065421
2014-02,-18.5,36.5,18.2643051147461,2,500,0.000339565973263234
2014-02,-46.5,35.5,87.9633331298828,4,1656,0.000817697553429753
2014-03,-22.5,40.5,194.080825805664,10,1235.5,0.00423837313428521
2014-04,-44.5,36.5,301.329437255859,14,1388.92858886719,0.00773445097729564
2014-04,-44.5,35.5,118.498748779297,16,1225.75,0.00612927880138159
2014-04,-31.5,35.5,56.794303894043,5,1457,0.00162785698194057
2014-04,-44.5,34.5,16.96875,6,954.833312988281,0.000435549765825272
2014-04,-32.5,33.5,48.2263870239258,5,1915.19995117188,0.00276456121355295
2014-04,-35.5,32.5,23.6630554199219,3,934,0.000678238284308463
2014-04,-32.5,32.5,142.728469848633,9,1276.33337402344,0.00409093033522367
2014-05,-51.5,40.5,200.60986328125,14,1685.28576660156,0.0229997839778662
2014-05,-50.5,39.5,16.2588882446289,2,2109,0.000909843889530748
2014-05,-45.5,39.5,190.67138671875,26,3504.26928710938,0.00512351840734482
2014-05,-45.5,38.5,125.957084655762,55,2588.56372070312,0.0101016834378242
2014-05,-46.5,37.5,146.36735534668,2,4200,0.00780554721131921
2014-05,-46.5,36.5,148.007080078125,8,1741.625,0.0039770882576704
2014-05,-45.5,36.5,158.787078857422,18,2817.38891601562,0.030017064884305
2014-05,-44.5,36.5,165.450698852539,21,1763.66662597656,0.00451638316735625
2014-05,-45.5,35.5,15.7719440460205,4,2071.25,0.000430533953476697
2014-06,-43.5,42.5,560.795837402344,18,2422.5556640625,0.00181282497942448
2014-06,-50.5,41.5,185.730972290039,12,1446.5,0.01652442663908
2014-06,-46.5,41.5,692.055297851562,44,1691.04541015625,0.00348057947121561
2014-06,-45.5,41.5,396.131652832031,14,1910.35717773438,0.00196058605797589
2014-06,-44.5,41.5,1856.65698242188,23,1879.04345703125,0.0121717974543571
2014-06,-43.5,41.5,4065.62524414062,68,1849.25,0.0339636988937855
2014-06,-42.5,41.5,1833.96301269531,24,1950.08337402344,0.0144185796380043
2014-06,-41.5,41.5,389.677764892578,9,1478.33337402344,0.00191073922906071
2014-06,-40.5,41.5,97.9027786254883,6,1123.66662597656,0.000320699618896469
2014-06,-50.5,40.5,101.218887329102,6,1801,0.00290116900578141
2014-06,-48.5,40.5,311.670013427734,25,3472.71997070312,0.00230543501675129
2014-06,-47.5,40.5,1227.55834960938,30,2579.53344726562,0.00949966348707676
2014-06,-46.5,40.5,317.140411376953,36,3092.16674804688,0.0011506307637319
2014-06,-45.5,40.5,722.578796386719,15,1848.40002441406,0.00488766236230731
2014-06,-44.5,40.5,429.887908935547,14,1813.57141113281,0.00236705830320716
2014-06,-43.5,40.5,693.379150390625,42,1654.76196289062,0.00378705258481205
2014-06,-41.5,40.5,81.2633361816406,9,2895.33325195312,0.000534947321284562
2014-06,-40.5,40.5,238.716659545898,11,1845.45458984375,0.00131757033523172
2014-06,-47.5,39.5,422.919555664062,12,1614.91662597656,0.00307625229470432
2014-06,-46.5,39.5,110.841674804688,12,2479.66674804688,0.000911239825654775
2014-06,-45.5,39.5,116.609306335449,19,2117.63159179688,0.000397892174078152
2014-06,-44.5,39.5,259.947235107422,9,2089.4443359375,0.00266909459605813
2014-06,-42.5,39.5,102.813751220703,6,1087.83337402344,0.00069135642843321
2014-06,-41.5,39.5,397.429718017578,16,1361.125,0.00265698647126555
2014-06,-40.5,39.5,143.441665649414,4,1760.5,0.000967509287875146
2014-06,-39.5,39.5,16.2297229766846,3,700,0.000110106018837541
2014-06,-41.5,38.5,82.5436096191406,13,932,0.000565560883842409
2014-06,-40.5,38.5,85.6480560302734,2,650,0.000451623782282695
2014-06,-39.5,38.5,75.2233352661133,2,965,0.000387066975235939
2014-06,-38.5,38.5,67.1262512207031,5,946,0.000481563620269299
2014-06,-43.5,37.5,97.9963912963867,2,825,0.000530417717527598
2014-06,-42.5,37.5,14.1019439697266,4,682.5,0.000157379734446295
2014-06,-39.5,37.5,48.3183326721191,10,1438.5,0.000177553331013769
2014-06,-38.5,37.5,29.1702785491943,2,1977.5,0.000106508043245412
2014-06,-43.5,36.5,29.9359722137451,5,796,0.00022143752721604
2014-06,-42.5,36.5,40.7555541992188,2,1065,0.000305809895507991
2014-06,-47.5,35.5,24.1420841217041,5,1509,9.32991024455987e-05
2014-06,-44.5,35.5,112.220558166504,7,1459.28576660156,0.000443017983343452
2014-07,-41.5,44.5,155.990966796875,21,2263.23803710938,0.00090021436335519
2014-07,-45.5,43.5,87.4695816040039,2,1432.5,0.000400066288420931
2014-07,-44.5,43.5,119.298614501953,14,1079.85717773438,0.00112265953794122
2014-07,-43.5,43.5,214.134719848633,23,2313.173828125,0.0020402621012181
2014-07,-42.5,43.5,62.9337501525879,8,1578.5,0.00319764134474099
2014-07,-41.5,43.5,18.5136108398438,2,546.5,0.000204653668333776
2014-07,-40.5,43.5,155.16569519043,21,1785.61901855469,0.00258533377200365
2014-07,-45.5,42.5,93.7656936645508,14,957.714294433594,0.00124511460307986
2014-07,-41.5,42.5,91.1281967163086,10,1032.5,0.000489739933982491
2014-07,-40.5,42.5,116.211944580078,11,854.818176269531,0.0012589527759701
2014-07,-51.5,41.5,169.176254272461,19,1610.78942871094,0.00114542955998331
2014-07,-50.5,41.5,21.0683326721191,4,1142.5,0.000143209676025435
2014-07,-46.5,41.5,112.674026489258,8,1044.5,0.000466915662400424
2014-07,-45.5,41.5,9.27236080169678,3,966.666687011719,7.86517994129099e-05
2014-07,-51.5,40.5,184.930145263672,11,2051.0908203125,0.0012471831869334
2014-07,-46.5,40.5,68.6180572509766,1,1775,0.000280297390418127
2014-07,-39.5,40.5,39.4551391601562,6,1375,0.000453117012511939
2014-07,-39.5,39.5,50.0468063354492,4,995,0.00055801059352234
2014-08,-41.5,44.5,114.689582824707,21,730.90478515625,0.00335015263408422
2014-08,-40.5,44.5,116.051391601562,8,553.125,0.00138837425038218
2014-08,-39.5,44.5,66.6983337402344,6,556.166687011719,0.000399664713768288
2014-08,-38.5,44.5,41.7763900756836,6,803.833312988281,0.000252086028922349
2014-08,-38.5,42.5,4.72013902664185,2,487.5,2.95178579108324e-05
2014-08,-37.5,42.5,26.208610534668,4,940.75,0.000486405158881098
2014-08,-40.5,41.5,23.2975006103516,2,445,0.000269805343123153
2014-08,-42.5,38.5,5.41152763366699,1,1971,7.34237110009417e-05
2014-09,-40.5,39.5,31.4522228240967,4,1112.5,0.0004555098421406
2014-09,-47.5,38.5,64.6777801513672,3,319.333343505859,0.00107728433795273
2014-09,-40.5,38.5,139.046524047852,11,663.363647460938,0.00411847745999694
2014-09,-25.5,6.5,21.0354175567627,3,1637,0.000227881886530668
2014-09,-24.5,6.5,48.943473815918,3,1974,0.000269775744527578
2014-09,-24.5,5.5,53.7241668701172,2,2241.5,0.000297079037409276
2014-09,-25.5,4.5,291.827362060547,14,691.071411132812,0.00347915850579739
2014-09,-24.5,4.5,458.686950683594,20,283.950012207031,0.00268306862562895
2014-09,-23.5,4.5,91.1188888549805,5,234.800003051758,0.00158642511814833
2014-10,-49.5,41.5,183.774719238281,8,2020.625,0.00371830142103136
2014-10,-48.5,38.5,27.5165271759033,4,486.75,0.000540832115802914
2014-10,-23.5,2.5,165.663604736328,17,641.058837890625,0.00327892345376313
2014-10,-25.5,1.5,253.268753051758,18,1645.44445800781,0.00163742993026972
2014-10,-24.5,1.5,167.244720458984,15,767.333312988281,0.00109360227361321
2014-10,-23.5,1.5,93.1070861816406,6,1419.16662597656,0.00187893502879888
2014-10,-23.5,0.5,82.010139465332,7,907.142883300781,0.00111271510832012
2014-10,-23.5,-0.5,60.8031959533691,1,3486,0.00041659630369395
2014-10,-24.5,-1.5,35.6522216796875,5,921.599975585938,0.000246235111262649
2014-10,-23.5,-1.5,125.538475036621,17,774.411743164062,0.000860133499372751
2014-10,-24.5,-2.5,58.3431930541992,3,1150,0.000825859315227717
2014-11,-55.5,42.5,320.635681152344,32,2655.375,0.0197819191962481
2014-11,-55.5,41.5,182.360137939453,22,2163.4091796875,0.0028001070022583
2014-11,-58.5,40.5,72.9402770996094,11,2274.72729492188,0.00224014814011753
2014-11,-57.5,40.5,174.464721679688,5,4619.39990234375,0.00794221181422472
2014-11,-55.5,40.5,61.9006958007812,11,1731.81823730469,0.00139612110797316
2014-11,-58.5,39.5,51.8526382446289,6,4756,0.000521479814779013
2014-11,-25.5,5.5,27.7011108398438,7,1410.71423339844,0.000696023635100573
2014-11,-24.5,5.5,0.777083337306976,1,3480,6.71548332320526e-06
2014-12,-55.5,40.5,125.821807861328,18,3208.61108398438,0.00423381617292762
2014-12,-56.5,39.5,34.4043045043945,3,5697,0.000903304608073086
2014-12,-55.5,39.5,209.734298706055,8,2709.75,0.00565794436261058
2014-12,-54.5,39.5,607.886657714844,22,4719.681640625,0.019181203097105
2014-12,-53.5,39.5,528.672241210938,20,3592,0.0127691812813282
2014-12,-52.5,39.5,23.906665802002,2,3177,0.000277792190900072
2014-12,-50.5,39.5,43.7518043518066,3,2330.33325195312,0.000541307323146611
2014-12,-47.5,39.5,47.6655540466309,4,2744.75,0.000988969812169671
2014-12,-51.5,38.5,34.1044425964355,4,3274.75,0.000407296960474923
2014-12,-42.5,35.5,0.79277777671814,5,1284,1.09949314719415e-05
2014-12,-41.5,33.5,175.583465576172,17,1503.05883789062,0.00503298034891486
2015-01,-53.5,40.5,56.8836097717285,7,3823.14282226562,0.009219566360116
2015-01,-54.5,39.5,313.887359619141,33,3546.30297851562,0.00481968373060226
2015-01,-53.5,39.5,172.205688476562,21,3660.42846679688,0.0137774040922523
2015-01,-50.5,35.5,114.608055114746,10,2061.30004882812,0.0033836851362139
2015-01,-48.5,35.5,43.9583320617676,2,1805,0.000663130660541356
2015-01,-50.5,34.5,184.348052978516,11,1580.09094238281,0.0108632128685713
2015-01,-41.5,34.5,93.2243041992188,6,1510.5,0.00133601285051554
2015-01,-40.5,34.5,42.9941673278809,2,1490,0.000616156496107578
2015-01,-39.5,34.5,30.723611831665,2,1153,0.000907083100173622
2015-01,-38.5,34.5,21.9545841217041,4,1910,0.000325484230415896
2015-01,-37.5,34.5,7.76277780532837,2,2162.5,0.00011313523282297
2015-02,-52.5,38.5,132.225143432617,10,3738.69995117188,0.00216564605943859
2015-02,-51.5,38.5,72.1890258789062,4,3210,0.00206910562701523
2015-02,-52.5,37.5,72.1750030517578,4,2538.5,0.00219984445720911
2015-02,-52.5,36.5,177.005554199219,6,2009.83337402344,0.0039725610986352
2015-02,-53.5,35.5,149.495834350586,20,1168.34997558594,0.00453407224267721
2015-02,-52.5,35.5,178.446243286133,20,1909.40002441406,0.00573609536513686
2015-02,-53.5,34.5,124.691665649414,4,1190,0.00377250672318041
2015-02,-53.5,33.5,50.0577774047852,4,1446.75,0.00157238612882793
2015-03,-53.5,35.5,43.6936111450195,2,925.5,0.000494352891109884
2015-05,-9.5,36.5,50.3773612976074,5,64.1999969482422,0.00016660759865772
2015-08,-42.5,44.5,135.605270385742,2,457.5,0.000886713969521224
2015-08,-41.5,44.5,76.2284698486328,14,758.571411132812,0.000500355497933924
2015-08,-44.5,43.5,173.209167480469,14,1489.71423339844,0.00112405547406524
2015-08,-43.5,43.5,49.9498596191406,4,544,0.000322935200529173
2015-08,-42.5,43.5,94.3945846557617,4,1402,0.000624361971858889
2015-08,-41.5,43.5,83.15625,6,901.666687011719,0.000550027296412736
2015-08,-47.5,42.5,231.698196411133,6,1074.66662597656,0.00147033436223865
2015-08,-46.5,42.5,45.7204170227051,28,1399.85717773438,0.000582423817832023
2015-08,-45.5,42.5,72.2358322143555,7,771.571411132812,0.000467018166091293
2015-08,-43.5,42.5,261.317901611328,10,539.200012207031,0.0035455662291497
2015-08,-42.5,42.5,82.3127746582031,4,1241.75,0.00110379257239401
2015-08,-39.5,42.5,40.2075004577637,6,801.166687011719,0.000129974505398422
2015-08,-44.5,41.5,61.9723625183105,4,942.5,0.000844198744744062
2015-08,-43.5,41.5,97.5784759521484,18,1129.55554199219,0.000742520263884217
2015-08,-42.5,41.5,83.067497253418,6,1655,0.000629314861726016
2015-08,-39.5,41.5,600.458312988281,14,804.142883300781,0.00420741597190499
2015-08,-38.5,41.5,328.351654052734,14,840,0.00266666407696903
2015-08,-40.5,40.5,76.2070846557617,8,618.25,0.00075614097295329
2015-08,-39.5,40.5,219.870422363281,4,698.5,0.00239842454902828
2015-08,-38.5,40.5,54.5261116027832,7,1084.71423339844,0.000178610906004906
2015-09,-43.5,45.5,13.3972225189209,2,1052.5,6.12758958595805e-05
2015-09,-44.5,43.5,21.8633327484131,4,762.5,0.000176953282789327
2015-09,-43.5,43.5,35.4348602294922,6,413.666656494141,0.000296199985314161
2015-09,-41.5,43.5,20.3286113739014,2,490,0.00111865357030183
2015-09,-32.5,43.5,34.3470840454102,3,313.333343505859,0.000166388854268007
2015-09,-49.5,42.5,49.6673622131348,5,903.200012207031,0.00034029854577966
2015-09,-46.5,42.5,29.5475006103516,3,347.333343505859,0.000210846512345597
2015-09,-44.5,42.5,32.7527770996094,14,547.142883300781,0.000128893021610565
2015-09,-43.5,42.5,77.8775024414062,14,432.928558349609,0.00205771625041962
2015-09,-42.5,42.5,113.769165039062,12,547.083312988281,0.00163495342712849
2015-09,-38.5,42.5,72.1297225952148,4,364.25,0.00023854682513047
2015-09,-37.5,42.5,48.9045829772949,12,502,0.005497005302459
2015-09,-34.5,42.5,8.60305595397949,2,439,0.000135537091409788
2015-09,-48.5,41.5,33.1433334350586,8,731.5,0.000461551768239588
2015-09,-47.5,41.5,51.0484733581543,7,847.571411132812,0.000364274223102257
2015-09,-45.5,41.5,103.810554504395,7,529.285705566406,0.000771129853092134
2015-09,-44.5,41.5,257.058319091797,16,489.125,0.00280646933242679
2015-09,-43.5,41.5,354.709167480469,8,769.375,0.00577737437561154
2015-09,-42.5,41.5,120.599723815918,4,1107.75,0.00281373178586364
2015-09,-41.5,41.5,57.5472221374512,2,717.5,0.000313205440761521
2015-09,-44.5,40.5,14.4629163742065,3,236.33332824707,0.000108261971035972
2015-09,-42.5,40.5,51.4005546569824,9,794.333312988281,0.000763680262025446
2015-09,-41.5,40.5,105.705001831055,4,1396,0.000880700361449271
2015-09,-40.5,40.5,20.1712512969971,2,458.5,0.000123815596452914
2015-09,-39.5,40.5,1.38388884067535,4,458.75,5.29553399246652e-05
2015-09,-38.5,40.5,73.9075012207031,14,554.285705566406,0.000597705831751227
2015-09,-37.5,40.5,6.69638872146606,4,544.25,0.0001146547292592
2015-09,-35.5,40.5,1.54208338260651,2,389.5,9.9698581834673e-06
2015-09,-41.5,39.5,65.5787506103516,1,2344,0.00031450396636501
2015-09,-40.5,39.5,72.2016677856445,8,892.5,0.000894479686394334
2015-09,-39.5,39.5,75.3409729003906,8,1965.5,0.00262124859727919
2015-09,-37.5,39.5,49.670970916748,12,665,0.000384779938030988
2015-09,-36.5,39.5,70.2847213745117,8,875.625,0.000551924342289567
2015-09,-41.5,38.5,52.2883338928223,2,1226.5,0.000364537816494703
2015-09,-40.5,38.5,61.1843070983887,3,2312.33325195312,0.000601675012148917
2015-09,-39.5,38.5,203.39111328125,7,2598.57153320312,0.00154769816435874
2015-09,-38.5,38.5,97.4544448852539,14,2073.71435546875,0.0022315860260278
2015-09,-35.5,38.5,24.3070831298828,3,1211.33337402344,0.000192635270650499
2015-09,-45.5,37.5,27.1952781677246,5,221.600006103516,0.00233844015747309
2015-09,-41.5,37.5,110.487083435059,5,1317.40002441406,0.000400862918468192
2015-09,-40.5,37.5,143.728607177734,25,1538.40002441406,0.00096177717205137
2015-09,-38.5,37.5,65.7638854980469,9,2213.77783203125,0.000996447284705937
2015-09,-43.5,36.5,19.8756942749023,2,564.5,7.96760432422161e-05
2015-09,-42.5,36.5,19.4238891601562,1,1724,0.000142297663842328
2015-09,-40.5,36.5,197.589721679688,17,2107,0.0013404922792688
2015-09,-34.5,36.5,59.1234741210938,6,1520,0.000479608424939215
2015-09,-33.5,36.5,135.011520385742,11,1351.09094238281,0.00332231516949832
2015-09,-32.5,36.5,45.377498626709,2,1825,0.00037882273318246
2015-09,-43.5,35.5,17.5547218322754,2,1178.5,0.000337777222739533
2015-09,-42.5,35.5,51.8161125183105,6,1263.5,0.000192879277165048
2015-09,-40.5,35.5,246.62028503418,7,3036.42846679688,0.000848245399538428
2015-09,-40.5,34.5,268.467651367188,15,2984.06665039062,0.00192598649300635
2015-09,-40.5,33.5,136.740417480469,7,1796.42858886719,0.000499273766763508
2015-09,-40.5,32.5,56.3969459533691,6,1569.33337402344,0.000417170376749709
2015-10,-42.5,42.5,13.5950002670288,3,350,7.84559160820208e-05
2015-10,-41.5,42.5,122.927505493164,4,442.5,0.00198202510364354
2015-10,-36.5,42.5,16.2851390838623,4,690,0.000568568415474147
2015-10,-35.5,42.5,18.3413887023926,3,266.666656494141,0.000196557535673492
2015-10,-43.5,41.5,156.1259765625,16,1001.5,0.000803880393505096
2015-10,-42.5,41.5,114.214447021484,6,580.166687011719,0.00148772052489221
2015-10,-41.5,41.5,40.1669425964355,6,700,0.000619608676061034
2015-10,-40.5,41.5,8.19361114501953,2,620,8.96281562745571e-05
2015-10,-38.5,40.5,25.7083339691162,2,940,0.000221880822209641
2015-10,-42.5,39.5,44.3727760314941,2,687.5,0.000231241298024543
2015-10,-41.5,39.5,37.2072219848633,2,800,0.000580351450480521
2015-10,-36.5,39.5,27.8672218322754,2,692.5,0.00016698386752978
2015-10,-35.5,39.5,19.1126384735107,2,385,0.000225170777412131
2015-10,-34.5,39.5,70.1829147338867,8,633.25,0.000417634408222511
2015-10,-42.5,38.5,74.6105575561523,2,255,0.000772956234868616
2015-10,-41.5,38.5,112.719024658203,16,620.6875,0.00117483269423246
2015-10,-34.5,38.5,28.9588890075684,4,741.5,0.0005053331842646
2015-10,-32.5,36.5,187.014312744141,9,875,0.00155370018910617
2015-10,-32.5,35.5,80.0988922119141,8,1482.875,0.000671947549562901
2015-10,-31.5,35.5,156.597229003906,11,1329.09094238281,0.00261468766257167
2015-10,-30.5,35.5,42.6555557250977,4,944.5,0.00178923306521028
2015-10,-31.5,33.5,47.5615272521973,2,279.5,0.000155797053594142
2015-11,-51.5,42.5,36.1654167175293,2,1671.5,0.00310975546017289
2015-11,-53.5,41.5,94.4993057250977,4,1725.25,0.00541714020073414
2015-11,-50.5,41.5,69.7330551147461,6,4618.16650390625,0.000470285129267722
2015-11,-49.5,41.5,44.3365287780762,3,2489,0.000300186162348837
2015-11,-48.5,41.5,105.028198242188,11,2534,0.000694696791470051
2015-11,-45.5,41.5,153.837921142578,17,1236.35290527344,0.00100593606475741
2015-11,-44.5,41.5,107.30583190918,29,1340.96557617188,0.000693752313964069
2015-11,-43.5,41.5,80.8159713745117,10,1973.30004882812,0.000524462026078254
2015-11,-42.5,41.5,50.3659706115723,8,1162.5,0.000325625442201272
2015-11,-55.5,40.5,74.0116653442383,10,4676.10009765625,0.00212134676985443
2015-11,-39.5,39.5,68.1969451904297,4,1012.75,0.00189985102042556
2015-11,-48.5,36.5,31.9258327484131,1,2695,0.000739457900635898
2015-11,-42.5,36.5,39.587776184082,14,1260.71423339844,0.000420251075411215
2015-11,-49.5,35.5,39.4266662597656,1,2695,0.000452024047262967
2015-11,-48.5,35.5,46.0213890075684,4,1163.75,0.000531173252966255
2015-11,-49.5,34.5,40.5023612976074,2,1117.5,0.000449377548648044
2015-11,-43.5,33.5,35.7090263366699,6,930.166687011719,0.000758179929107428
2015-11,-49.5,32.5,27.0433330535889,3,886,0.000292499957140535
2015-11,-49.5,31.5,20.2224998474121,2,936.5,0.000441622687503695
2015-11,-48.5,31.5,28.4544448852539,2,1655,0.000309710390865803
2015-11,-45.5,31.5,54.1526374816895,5,749.599975585938,0.00116410560440272
2015-12,-40.5,39.5,20.517915725708,6,1654.33337402344,0.000152092572534457
2015-12,-42.5,38.5,39.3349990844727,2,3245,0.000895318051334471
2015-12,-41.5,38.5,1.86374998092651,4,1110,4.23595556640066e-05
2015-12,-47.5,37.5,63.3905563354492,6,1728.16662597656,0.00156856491230428
2015-12,-46.5,37.5,84.476806640625,13,1215.07690429688,0.00227890745736659
2015-12,-43.5,37.5,13.921667098999,4,1002.25,0.00021378172095865
2015-12,-40.5,37.5,44.4487495422363,2,1750,0.000292601092951372
2015-12,-46.5,36.5,59.2015266418457,10,1107.19995117188,0.00323261134326458
2015-12,-46.5,35.5,94.9318084716797,7,3525.71435546875,0.00266548129729927
2016-01,-52.5,40.5,88.2347259521484,8,3163.625,0.00131948490161449
2016-01,-51.5,40.5,29.3056945800781,2,3344.5,0.000438244926044717
2016-01,-49.5,39.5,29.5840282440186,2,1642,0.000454257387900725
2016-01,-49.5,34.5,191.152221679688,4,1820.25,0.00867636315524578
2016-01,-48.5,34.5,90.5873641967773,10,1551.80004882812,0.00278190523386002
2016-01,-42.5,34.5,50.1395835876465,2,1432.5,0.000928677676711231
2016-01,-41.5,34.5,35.762638092041,4,995.25,0.000465227989479899
2016-01,-49.5,33.5,256.218475341797,32,1794.78125,0.00773569196462631
2016-01,-48.5,33.5,146.506942749023,2,1172.5,0.00663277227431536
2016-01,-47.5,33.5,175.278335571289,6,1251.16662597656,0.00781828071922064
2016-01,-49.5,32.5,111.536804199219,15,1196.86669921875,0.00515331141650677
2016-01,-48.5,32.5,103.263473510742,8,1396.25,0.00467404909431934
2016-01,-47.5,32.5,237.027770996094,26,1736.57690429688,0.0108219319954515
2016-01,-46.5,32.5,319.616668701172,16,2748.125,0.00968578271567822
2016-01,-45.5,32.5,155.248886108398,8,1264,0.00159872858785093
2016-01,-44.5,32.5,132.469161987305,11,1475.45458984375,0.00264907185919583
2016-01,-46.5,31.5,186.493606567383,21,1259.38098144531,0.00194376055151224
2016-01,-44.5,31.5,53.4051399230957,2,2916,0.00109336827881634
2016-02,-51.5,38.5,91.1061096191406,8,2668.5,0.00146428786683828
2016-02,-46.5,38.5,18.5384731292725,2,875.5,0.000300767424050719
2016-02,-46.5,37.5,187.632919311523,10,782.299987792969,0.00304414890706539
2016-02,-45.5,37.5,171.745697021484,6,774.166687011719,0.00551517074927688
2016-02,-44.5,37.5,68.5287475585938,4,857.5,0.00149654340930283
2016-02,-43.5,37.5,144.074020385742,16,1101.5,0.00795355904847383
2016-02,-42.5,37.5,253.723190307617,12,1134.16662597656,0.0113894902169704
2016-02,-47.5,36.5,69.7401351928711,4,1234.25,0.000735796813387424
2016-02,-46.5,36.5,416.739868164062,24,1097.29162597656,0.00893072970211506
2016-02,-45.5,36.5,551.531372070312,36,1290.16662597656,0.0101889092475176
2016-02,-44.5,36.5,264.031951904297,10,1252.5,0.00555498525500298
2016-02,-42.5,36.5,160.982360839844,18,1051.88891601562,0.00542947882786393
2016-02,-53.5,35.5,62.8383331298828,2,1367,0.000379177479771897
2016-02,-52.5,35.5,74.929443359375,12,1355.75,0.000897973077371716
2016-02,-51.5,35.5,119.329025268555,14,2091.78564453125,0.00142263760790229
2016-02,-50.5,35.5,161.739868164062,8,1993.875,0.000946090032812208
2016-02,-48.5,35.5,479.480560302734,49,1336.14282226562,0.0051216259598732
2016-02,-47.5,35.5,193.825698852539,6,829.5,0.00205759122036397
2016-02,-46.5,35.5,171.56916809082,10,1578,0.00278069591149688
2016-02,-45.5,35.5,336.962219238281,34,1048.2353515625,0.00179965002462268
2016-02,-50.5,34.5,147.864166259766,14,1381.07141113281,0.000861992826685309
2016-02,-49.5,34.5,150.899032592773,12,1149.16662597656,0.00174754217732698
2016-02,-48.5,34.5,149.942077636719,23,1268.9130859375,0.00172198878135532
2016-02,-47.5,34.5,249.613052368164,16,1663,0.00271647050976753
2016-02,-46.5,34.5,106.93985748291,10,1718,0.000589451054111123
2016-02,-47.5,33.5,107.608749389648,13,1409.61535644531,0.0011423397809267
2016-02,-46.5,32.5,150.36735534668,16,1111.375,0.00157678488176316
2016-03,-58.5,38.5,15.5326385498047,4,1049.25,0.00044520158553496
2016-03,-42.5,36.5,135.569030761719,23,1368.21740722656,0.00960896443575621
2016-03,-44.5,34.5,36.7688903808594,2,433.5,0.00218617566861212
2016-03,-43.5,34.5,28.0740280151367,4,1081.25,0.000850765791255981
2016-04,-42.5,34.5,66.6608352661133,2,1178,0.00100560777354985
2016-07,-14.5,-11.5,17.460277557373,1,1857,0.000123331541544758
2016-08,-31.5,-9.5,13.2455558776855,2,641,8.43663292471319e-05
2016-09,-45.5,38.5,31.9259719848633,1,309,0.00366029073484242
2016-09,-44.5,38.5,45.2493057250977,29,415.103454589844,0.00259390100836754
2016-09,-44.5,37.5,80.6893081665039,10,677.299987792969,0.00231274357065558
2016-09,-43.5,37.5,60.4345817565918,6,538.333312988281,0.00173219584394246
2017-01,-29.5,17.5,112.209442138672,17,3521.05883789062,0.000374701048713177
2017-01,-28.5,16.5,63.2200012207031,3,865,0.000309484399622306
2017-01,-26.5,16.5,19.7770824432373,9,3764.66674804688,0.000141880751471035
2017-01,-30.5,15.5,51.825138092041,8,1418,0.000173059714143164
2017-01,-29.5,15.5,32.1861114501953,12,3954.83325195312,0.000160911426064558
2017-01,-28.5,15.5,254.42985534668,16,5806.5,0.00152877054642886
2017-01,-27.5,15.5,16.7747230529785,18,798.888916015625,0.000111281333374791
2017-01,-26.5,15.5,56.5558319091797,6,410.666656494141,0.000578209874220192
2017-01,-25.5,15.5,5.07236099243164,10,800.299987792969,1.79858579940628e-05
2017-01,-29.5,14.5,161.656661987305,12,1034.16662597656,0.00105613574851304
2017-01,-28.5,14.5,541.8095703125,7,2253.42846679688,0.00583271495997906
2017-01,-26.5,14.5,46.3233337402344,13,280.384613037109,0.000313684955472127
2017-01,-28.5,13.5,464.034881591797,12,2174.91674804688,0.0049512842670083
2017-01,-27.5,13.5,42.0233345031738,4,1269.75,0.000343759980751202
2017-01,-28.5,12.5,11.6679162979126,2,1938.5,3.77176329493523e-05
2017-01,-27.5,12.5,72.5811080932617,3,2397.33325195312,0.000704208272509277
2017-01,-23.5,10.5,21.3491668701172,2,1413,0.000242201902437955
2017-02,-23.5,20.5,2.78222227096558,8,886.625,5.26909352629445e-05
2017-02,-27.5,19.5,18.3075008392334,1,510,0.000207744858926162
2017-02,-27.5,18.5,91.0304107666016,4,471,0.000627500237897038
2017-02,-26.5,18.5,48.3250007629395,22,1897.27270507812,0.000448552629677579
2017-02,-29.5,17.5,21.719165802002,2,1742.5,0.000166985686519183
2017-02,-27.5,17.5,341.152770996094,4,1437,0.00327017810195684
2017-02,-26.5,17.5,292.703887939453,18,1261.33337402344,0.00315949926152825
2017-02,-30.5,16.5,530.182800292969,20,2122.30004882812,0.00459611089900136
2017-02,-29.5,16.5,178.727645874023,26,3390.57690429688,0.000753345666453242
2017-02,-28.5,16.5,301.380004882812,6,3464.16674804688,0.00220945733599365
2017-02,-27.5,16.5,823.766662597656,12,308.75,0.00934169348329306
2017-02,-26.5,16.5,239.985412597656,4,590.75,0.00330568850040436
2017-02,-30.5,15.5,92.959587097168,10,2159.10009765625,0.000317195022944361
2017-02,-29.5,15.5,94.1280517578125,27,2826.4443359375,0.000317403435474262
2017-02,-28.5,15.5,169.602920532227,2,901,0.00335045694373548
2017-02,-27.5,15.5,551.206665039062,9,492.666656494141,0.00558035634458065
2017-02,-26.5,15.5,150.580429077148,6,1328.33337402344,0.00199394556693733
2017-02,-25.5,15.5,19.9177780151367,2,314,0.000279671774478629
2017-02,-27.5,14.5,122.068336486816,3,621,0.00133674347307533
2017-02,-24.5,14.5,33.5173606872559,10,405,0.000179572525667027
2017-02,-23.5,14.5,25.2274990081787,6,445.666656494141,0.000167387508554384
2017-02,-22.5,14.5,27.5608329772949,16,4346.875,0.000505558913573623
2017-02,-30.5,13.5,4.26069450378418,2,2788,4.13192792620976e-05
2017-02,-25.5,13.5,63.5329170227051,3,1315.66662597656,0.0003803220752161
2017-02,-23.5,13.5,54.6383323669434,6,137.5,0.000423222663812339
2017-03,-25.5,23.5,14.5420837402344,2,481,0.000324061082210392
2017-03,-27.5,21.5,21.4187488555908,2,802,0.000529559212736785
2017-03,-26.5,21.5,111.167083740234,2,817.5,0.00229456718079746
2017-03,-25.5,21.5,10.3561115264893,2,763.5,0.000184042917680927
2017-03,-27.5,20.5,239.973754882812,3,1081.33337402344,0.00771097466349602
2017-03,-26.5,20.5,285.552764892578,6,899.333312988281,0.00495135830715299
2017-03,-25.5,20.5,34.8618049621582,3,9623.3330078125,0.00062815478304401
2017-03,-27.5,19.5,3.08944439888,1,1162,0.000135698981466703
2017-03,-26.5,19.5,57.287914276123,4,227.75,0.00140706775709987
2017-03,-27.5,18.5,87.2211074829102,14,3030.85717773438,0.000892874493729323
2017-03,-26.5,18.5,127.871246337891,4,2458.75,0.00362493004649878
2017-03,-23.5,17.5,52.9837493896484,4,1360.75,0.000262588640907779
2017-03,-23.5,14.5,52.4645843505859,8,682,0.00234985188581049
2017-03,-22.5,14.5,66.3719482421875,18,1359.44445800781,0.000711174972821027
2017-03,-22.5,12.5,14.1013889312744,8,1398,0.000159817878738977
2017-03,-21.5,12.5,2.09472227096558,8,1158.375,1.15832062874688e-05
2017-03,-25.5,11.5,29.7234725952148,4,723.25,0.000545100134331733
2017-03,-24.5,11.5,50.1265258789062,4,902,0.000910521135665476
2017-04,-32.5,36.5,82.7297210693359,4,1219.75,0.00125628500245512
2017-04,-31.5,36.5,110.567085266113,5,684,0.000841356697492301
2017-04,-31.5,35.5,51.760555267334,4,969,0.00116280966904014
2017-04,-33.5,34.5,38.2276382446289,3,1998,0.000570450094528496
2017-04,-32.5,34.5,17.2993049621582,4,2589,0.00025702323182486
2017-04,-19.5,31.5,2.76805543899536,1,531,1.87414752872428e-05
2017-04,-19.5,30.5,46.827220916748,1,278,0.00276587344706059
2017-04,-24.5,18.5,1.81930553913116,4,90,8.84997716639191e-05
2017-04,-25.5,17.5,7.90194463729858,2,365,5.26716612512246e-05
2017-04,-17.5,17.5,68.7308349609375,13,1614.07690429688,0.000875549274496734
2017-04,-26.5,16.5,82.4348602294922,6,1656.83337402344,0.00053903617663309
2017-04,-22.5,12.5,52.2186126708984,2,749.5,0.00106205593328923
2017-05,-33.5,41.5,9.11888885498047,1,6000,0.000229137600399554
2017-05,-40.5,39.5,117.305969238281,7,1621.57141113281,0.000984076759777963
2017-05,-17.5,38.5,14.4505558013916,1,1025,0.000109961038106121
2017-05,-40.5,37.5,123.590698242188,9,2113.77783203125,0.00213077873922884
2017-05,-39.5,37.5,294.340423583984,23,1779.73913574219,0.0049384287558496
2017-05,-38.5,37.5,45.7079162597656,4,2077,0.000768801430240273
2017-05,-32.5,37.5,82.7193069458008,11,777.272705078125,0.00125335401389748
2017-05,-40.5,36.5,32.9795837402344,2,1432,0.000276664883131161
2017-05,-36.5,36.5,57.3499984741211,4,542.25,0.000915376818738878
2017-05,-37.5,35.5,17.0456943511963,2,935,0.000416795199271291
2017-05,-36.5,35.5,35.1861114501953,2,771,0.00108919700141996
2017-05,-39.5,34.5,32.8940277099609,2,371.5,0.000827881041914225
2017-05,-35.5,34.5,15.9018058776855,4,735,0.000360885285772383
2017-05,-34.5,34.5,28.1484718322754,2,1105,0.00042744618258439
2017-06,-40.5,40.5,103.160415649414,7,1618.42858886719,0.00318066566251218
2017-06,-40.5,39.5,101.806945800781,11,1209.90905761719,0.00614355877041817
2017-06,-39.5,39.5,21.6544437408447,4,1074.75,0.000439444556832314
2017-06,-41.5,38.5,138.549438476562,13,2350.07690429688,0.0126596819609404
2017-06,-40.5,38.5,79.6236114501953,7,2596.42846679688,0.00694687757641077
2017-07,-43.5,41.5,124.435417175293,14,907,0.00135440845042467
2017-07,-42.5,40.5,19.6625003814697,2,931,0.000840141321532428
2017-07,-41.5,40.5,5.68847227096558,4,630,0.000361237704055384
